-- phpMyAdmin SQL Dump
-- version 5.0.2
-- https://www.phpmyadmin.net/
--
-- Host: 127.0.0.1
-- Generation Time: Mar 08, 2021 at 08:35 AM
-- Server version: 8.0.17
-- PHP Version: 7.4.9

SET SQL_MODE = "NO_AUTO_VALUE_ON_ZERO";
START TRANSACTION;
SET time_zone = "+00:00";


/*!40101 SET @OLD_CHARACTER_SET_CLIENT=@@CHARACTER_SET_CLIENT */;
/*!40101 SET @OLD_CHARACTER_SET_RESULTS=@@CHARACTER_SET_RESULTS */;
/*!40101 SET @OLD_COLLATION_CONNECTION=@@COLLATION_CONNECTION */;
/*!40101 SET NAMES utf8mb4 */;

--
-- Database: `calendariomaya`
--

DELIMITER $$
--
-- Procedures
--
CREATE DEFINER=`yefer`@`%` PROCEDURE `buscarUsuario` (`user_name` VARCHAR(40))  BEGIN
SELECT count(username) existe FROM usuario WHERE username=user_name
;
END$$

CREATE DEFINER=`yefer`@`%` PROCEDURE `insertarUsuario` (`username_u` VARCHAR(40), `password_u` VARCHAR(100), `email_u` VARCHAR(100), `nombre_u` VARCHAR(50), `apellido_u` VARCHAR(50), `nacimiento_u` DATE, `telefono_u` VARCHAR(15))  BEGIN
INSERT INTO usuario (username,password,email,nombre,apellido,nacimiento,telefono,rol) 
VALUES 
(username_u,password_u,email_u,nombre_u,apellido_u,nacimiento_u,telefono_u,2)
;
SELECT * FROM usuario;

END$$

CREATE DEFINER=`yefer`@`%` PROCEDURE `mostrarHechos` ()  BEGIN
SELECT * FROM (
 SELECT MAX(fecha) as fecha, idHechoHistorico as id 
 FROM calendariomaya.Edicion 
 GROUP BY Edicion.idHechoHistorico
) a 
INNER JOIN calendariomaya.HechoHistorico ON a.id = HechoHistorico.id
GROUP BY a.id ORDER BY a.fecha ASC
;
END$$

CREATE DEFINER=`yefer`@`%` PROCEDURE `mostrarHechosPor` (`idH` INT)  BEGIN
SELECT * FROM (
 SELECT MAX(fecha) as fecha, idHechoHistorico as id 
 FROM calendariomaya.Edicion 
 GROUP BY Edicion.idHechoHistorico
) a 
INNER JOIN calendariomaya.HechoHistorico ON a.id = HechoHistorico.id WHERE HechoHistorico.id=idH
GROUP BY a.id ORDER BY a.fecha ASC 
;
END$$

DELIMITER ;

-- --------------------------------------------------------

--
-- Table structure for table `calendariocholqij`
--

CREATE TABLE `calendariocholqij` (
  `id` int(11) NOT NULL,
  `nahual` int(11) NOT NULL,
  `energia` int(11) NOT NULL,
  `fecha` date NOT NULL,
  `descripcion` varchar(5000) DEFAULT NULL
) ENGINE=InnoDB DEFAULT CHARSET=utf8;

--
-- Dumping data for table `calendariocholqij`
--

INSERT INTO `calendariocholqij` (`id`, `nahual`, `energia`, `fecha`, `descripcion`) VALUES
(1, 1, 1, '2020-01-01', 'SIN DESCRIPCION'),
(2, 2, 1, '2020-01-02', 'SIN DESCRIPCION'),
(3, 3, 1, '2020-01-03', 'SIN DESCRIPCION'),
(4, 4, 1, '2020-01-04', 'SIN DESCRIPCION'),
(5, 5, 1, '2020-01-05', 'SIN DESCRIPCION'),
(6, 6, 1, '2020-01-06', 'SIN DESCRIPCION'),
(7, 7, 1, '2020-01-07', 'SIN DESCRIPCION'),
(8, 8, 1, '2020-01-08', 'SIN DESCRIPCION'),
(9, 9, 1, '2020-01-09', 'SIN DESCRIPCION'),
(10, 10, 1, '2020-01-10', 'SIN DESCRIPCION'),
(11, 11, 1, '2020-01-11', 'SIN DESCRIPCION'),
(12, 12, 1, '2020-01-12', 'SIN DESCRIPCION'),
(13, 13, 1, '2020-01-13', 'SIN DESCRIPCION'),
(14, 14, 1, '2020-01-14', 'SIN DESCRIPCION'),
(15, 15, 1, '2020-01-15', 'SIN DESCRIPCION'),
(16, 16, 1, '2020-01-16', 'SIN DESCRIPCION'),
(17, 17, 1, '2020-01-17', 'SIN DESCRIPCION'),
(18, 18, 1, '2020-01-18', 'SIN DESCRIPCION'),
(19, 19, 1, '2020-01-19', 'SIN DESCRIPCION'),
(20, 20, 1, '2020-01-20', 'SIN DESCRIPCION'),
(21, 1, 2, '2020-01-21', 'SIN DESCRIPCION'),
(22, 2, 2, '2020-01-22', 'SIN DESCRIPCION'),
(23, 3, 2, '2020-01-23', 'SIN DESCRIPCION'),
(24, 4, 2, '2020-01-24', 'SIN DESCRIPCION'),
(25, 5, 2, '2020-01-25', 'SIN DESCRIPCION'),
(26, 6, 2, '2020-01-26', 'SIN DESCRIPCION'),
(27, 7, 2, '2020-01-27', 'SIN DESCRIPCION'),
(28, 8, 2, '2020-01-28', 'SIN DESCRIPCION'),
(29, 9, 2, '2020-01-29', 'SIN DESCRIPCION'),
(30, 10, 2, '2020-01-30', 'SIN DESCRIPCION'),
(31, 11, 2, '2020-01-31', 'SIN DESCRIPCION'),
(32, 12, 2, '2020-02-01', 'SIN DESCRIPCION'),
(33, 13, 2, '2020-02-02', 'SIN DESCRIPCION'),
(34, 14, 2, '2020-02-03', 'SIN DESCRIPCION'),
(35, 15, 2, '2020-02-04', 'SIN DESCRIPCION'),
(36, 16, 2, '2020-02-05', 'SIN DESCRIPCION'),
(37, 17, 2, '2020-02-06', 'SIN DESCRIPCION'),
(38, 18, 2, '2020-02-07', 'SIN DESCRIPCION'),
(39, 19, 2, '2020-02-08', 'SIN DESCRIPCION'),
(40, 20, 2, '2020-02-09', 'SIN DESCRIPCION'),
(41, 1, 3, '2020-02-10', 'SIN DESCRIPCION'),
(42, 2, 3, '2020-02-11', 'SIN DESCRIPCION'),
(43, 3, 3, '2020-02-12', 'SIN DESCRIPCION'),
(44, 4, 3, '2020-02-13', 'SIN DESCRIPCION'),
(45, 5, 3, '2020-02-14', 'SIN DESCRIPCION'),
(46, 6, 3, '2020-02-15', 'SIN DESCRIPCION'),
(47, 7, 3, '2020-02-16', 'SIN DESCRIPCION'),
(48, 8, 3, '2020-02-17', 'SIN DESCRIPCION'),
(49, 9, 3, '2020-02-18', 'SIN DESCRIPCION'),
(50, 10, 3, '2020-02-19', 'SIN DESCRIPCION'),
(51, 11, 3, '2020-02-20', 'SIN DESCRIPCION'),
(52, 12, 3, '2020-02-21', 'SIN DESCRIPCION'),
(53, 13, 3, '2020-02-22', 'SIN DESCRIPCION'),
(54, 14, 3, '2020-02-23', 'SIN DESCRIPCION'),
(55, 15, 3, '2020-02-24', 'SIN DESCRIPCION'),
(56, 16, 3, '2020-02-25', 'SIN DESCRIPCION'),
(57, 17, 3, '2020-02-26', 'SIN DESCRIPCION'),
(58, 18, 3, '2020-02-27', 'SIN DESCRIPCION'),
(59, 19, 3, '2020-02-28', 'SIN DESCRIPCION'),
(60, 20, 3, '2020-03-01', 'SIN DESCRIPCION'),
(61, 1, 4, '2020-03-02', 'SIN DESCRIPCION'),
(62, 2, 4, '2020-03-03', 'SIN DESCRIPCION'),
(63, 3, 4, '2020-03-04', 'SIN DESCRIPCION'),
(64, 4, 4, '2020-03-05', 'SIN DESCRIPCION'),
(65, 5, 4, '2020-03-06', 'SIN DESCRIPCION'),
(66, 6, 4, '2020-03-07', 'SIN DESCRIPCION'),
(67, 7, 4, '2020-03-08', 'SIN DESCRIPCION'),
(68, 8, 4, '2020-03-09', 'SIN DESCRIPCION'),
(69, 9, 4, '2020-03-10', 'SIN DESCRIPCION'),
(70, 10, 4, '2020-03-11', 'SIN DESCRIPCION'),
(71, 11, 4, '2020-03-12', 'SIN DESCRIPCION'),
(72, 12, 4, '2020-03-13', 'SIN DESCRIPCION'),
(73, 13, 4, '2020-03-14', 'SIN DESCRIPCION'),
(74, 14, 4, '2020-03-15', 'SIN DESCRIPCION'),
(75, 15, 4, '2020-03-16', 'SIN DESCRIPCION'),
(76, 16, 4, '2020-03-17', 'SIN DESCRIPCION'),
(77, 17, 4, '2020-03-18', 'SIN DESCRIPCION'),
(78, 18, 4, '2020-03-19', 'SIN DESCRIPCION'),
(79, 19, 4, '2020-03-20', 'SIN DESCRIPCION'),
(80, 20, 4, '2020-03-21', 'SIN DESCRIPCION'),
(81, 1, 5, '2020-03-22', 'SIN DESCRIPCION'),
(82, 2, 5, '2020-03-23', 'SIN DESCRIPCION'),
(83, 3, 5, '2020-03-24', 'SIN DESCRIPCION'),
(84, 4, 5, '2020-03-25', 'SIN DESCRIPCION'),
(85, 5, 5, '2020-03-26', 'SIN DESCRIPCION'),
(86, 6, 5, '2020-03-27', 'SIN DESCRIPCION'),
(87, 7, 5, '2020-03-28', 'SIN DESCRIPCION'),
(88, 8, 5, '2020-03-29', 'SIN DESCRIPCION'),
(89, 9, 5, '2020-03-30', 'SIN DESCRIPCION'),
(90, 10, 5, '2020-03-31', 'SIN DESCRIPCION'),
(91, 11, 5, '2020-04-01', 'SIN DESCRIPCION'),
(92, 12, 5, '2020-04-02', 'SIN DESCRIPCION'),
(93, 13, 5, '2020-04-03', 'SIN DESCRIPCION'),
(94, 14, 5, '2020-04-04', 'SIN DESCRIPCION'),
(95, 15, 5, '2020-04-05', 'SIN DESCRIPCION'),
(96, 16, 5, '2020-04-06', 'SIN DESCRIPCION'),
(97, 17, 5, '2020-04-07', 'SIN DESCRIPCION'),
(98, 18, 5, '2020-04-08', 'SIN DESCRIPCION'),
(99, 19, 5, '2020-04-09', 'SIN DESCRIPCION'),
(100, 20, 5, '2020-04-10', 'SIN DESCRIPCION'),
(101, 1, 6, '2020-04-11', 'SIN DESCRIPCION'),
(102, 2, 6, '2020-04-12', 'SIN DESCRIPCION'),
(103, 3, 6, '2020-04-13', 'SIN DESCRIPCION'),
(104, 4, 6, '2020-04-14', 'SIN DESCRIPCION'),
(105, 5, 6, '2020-04-15', 'SIN DESCRIPCION'),
(106, 6, 6, '2020-04-16', 'SIN DESCRIPCION'),
(107, 7, 6, '2020-04-17', 'SIN DESCRIPCION'),
(108, 8, 6, '2020-04-18', 'SIN DESCRIPCION'),
(109, 9, 6, '2020-04-19', 'SIN DESCRIPCION'),
(110, 10, 6, '2020-04-20', 'SIN DESCRIPCION'),
(111, 11, 6, '2020-04-21', 'SIN DESCRIPCION'),
(112, 12, 6, '2020-04-22', 'SIN DESCRIPCION'),
(113, 13, 6, '2020-04-23', 'SIN DESCRIPCION'),
(114, 14, 6, '2020-04-24', 'SIN DESCRIPCION'),
(115, 15, 6, '2020-04-25', 'SIN DESCRIPCION'),
(116, 16, 6, '2020-04-26', 'SIN DESCRIPCION'),
(117, 17, 6, '2020-04-27', 'SIN DESCRIPCION'),
(118, 18, 6, '2020-04-28', 'SIN DESCRIPCION'),
(119, 19, 6, '2020-04-29', 'SIN DESCRIPCION'),
(120, 20, 6, '2020-04-30', 'SIN DESCRIPCION'),
(121, 1, 7, '2020-05-01', 'SIN DESCRIPCION'),
(122, 2, 7, '2020-05-02', 'SIN DESCRIPCION'),
(123, 3, 7, '2020-05-03', 'SIN DESCRIPCION'),
(124, 4, 7, '2020-05-04', 'SIN DESCRIPCION'),
(125, 5, 7, '2020-05-05', 'SIN DESCRIPCION'),
(126, 6, 7, '2020-05-06', 'SIN DESCRIPCION'),
(127, 7, 7, '2020-05-07', 'SIN DESCRIPCION'),
(128, 8, 7, '2020-05-08', 'SIN DESCRIPCION'),
(129, 9, 7, '2020-05-09', 'SIN DESCRIPCION'),
(130, 10, 7, '2020-05-10', 'SIN DESCRIPCION'),
(131, 11, 7, '2020-05-11', 'SIN DESCRIPCION'),
(132, 12, 7, '2020-05-12', 'SIN DESCRIPCION'),
(133, 13, 7, '2020-05-13', 'SIN DESCRIPCION'),
(134, 14, 7, '2020-05-14', 'SIN DESCRIPCION'),
(135, 15, 7, '2020-05-15', 'SIN DESCRIPCION'),
(136, 16, 7, '2020-05-16', 'SIN DESCRIPCION'),
(137, 17, 7, '2020-05-17', 'SIN DESCRIPCION'),
(138, 18, 7, '2020-05-18', 'SIN DESCRIPCION'),
(139, 19, 7, '2020-05-19', 'SIN DESCRIPCION'),
(140, 20, 7, '2020-05-20', 'SIN DESCRIPCION'),
(141, 1, 8, '2020-05-21', 'SIN DESCRIPCION'),
(142, 2, 8, '2020-05-22', 'SIN DESCRIPCION'),
(143, 3, 8, '2020-05-23', 'SIN DESCRIPCION'),
(144, 4, 8, '2020-05-24', 'SIN DESCRIPCION'),
(145, 5, 8, '2020-05-25', 'SIN DESCRIPCION'),
(146, 6, 8, '2020-05-26', 'SIN DESCRIPCION'),
(147, 7, 8, '2020-05-27', 'SIN DESCRIPCION'),
(148, 8, 8, '2020-05-28', 'SIN DESCRIPCION'),
(149, 9, 8, '2020-05-29', 'SIN DESCRIPCION'),
(150, 10, 8, '2020-05-30', 'SIN DESCRIPCION'),
(151, 11, 8, '2020-05-31', 'SIN DESCRIPCION'),
(152, 12, 8, '2020-06-01', 'SIN DESCRIPCION'),
(153, 13, 8, '2020-06-02', 'SIN DESCRIPCION'),
(154, 14, 8, '2020-06-03', 'SIN DESCRIPCION'),
(155, 15, 8, '2020-06-04', 'SIN DESCRIPCION'),
(156, 16, 8, '2020-06-05', 'SIN DESCRIPCION'),
(157, 17, 8, '2020-06-06', 'SIN DESCRIPCION'),
(158, 18, 8, '2020-06-07', 'SIN DESCRIPCION'),
(159, 19, 8, '2020-06-08', 'SIN DESCRIPCION'),
(160, 20, 8, '2020-06-09', 'SIN DESCRIPCION'),
(161, 1, 9, '2020-06-10', 'SIN DESCRIPCION'),
(162, 2, 9, '2020-06-11', 'SIN DESCRIPCION'),
(163, 3, 9, '2020-06-12', 'SIN DESCRIPCION'),
(164, 4, 9, '2020-06-13', 'SIN DESCRIPCION'),
(165, 5, 9, '2020-06-14', 'SIN DESCRIPCION'),
(166, 6, 9, '2020-06-15', 'SIN DESCRIPCION'),
(167, 7, 9, '2020-06-16', 'SIN DESCRIPCION'),
(168, 8, 9, '2020-06-17', 'SIN DESCRIPCION'),
(169, 9, 9, '2020-06-18', 'SIN DESCRIPCION'),
(170, 10, 9, '2020-06-19', 'SIN DESCRIPCION'),
(171, 11, 9, '2020-06-20', 'SIN DESCRIPCION'),
(172, 12, 9, '2020-06-21', 'SIN DESCRIPCION'),
(173, 13, 9, '2020-06-22', 'SIN DESCRIPCION'),
(174, 14, 9, '2020-06-23', 'SIN DESCRIPCION'),
(175, 15, 9, '2020-06-24', 'SIN DESCRIPCION'),
(176, 16, 9, '2020-06-25', 'SIN DESCRIPCION'),
(177, 17, 9, '2020-06-26', 'SIN DESCRIPCION'),
(178, 18, 9, '2020-06-27', 'SIN DESCRIPCION'),
(179, 19, 9, '2020-06-28', 'SIN DESCRIPCION'),
(180, 20, 9, '2020-06-29', 'SIN DESCRIPCION'),
(181, 1, 10, '2020-06-30', 'SIN DESCRIPCION'),
(182, 2, 10, '2020-07-01', 'SIN DESCRIPCION'),
(183, 3, 10, '2020-07-02', 'SIN DESCRIPCION'),
(184, 4, 10, '2020-07-03', 'SIN DESCRIPCION'),
(185, 5, 10, '2020-07-04', 'SIN DESCRIPCION'),
(186, 6, 10, '2020-07-05', 'SIN DESCRIPCION'),
(187, 7, 10, '2020-07-06', 'SIN DESCRIPCION'),
(188, 8, 10, '2020-07-07', 'SIN DESCRIPCION'),
(189, 9, 10, '2020-07-08', 'SIN DESCRIPCION'),
(190, 10, 10, '2020-07-09', 'SIN DESCRIPCION'),
(191, 11, 10, '2020-07-10', 'SIN DESCRIPCION'),
(192, 12, 10, '2020-07-11', 'SIN DESCRIPCION'),
(193, 13, 10, '2020-07-12', 'SIN DESCRIPCION'),
(194, 14, 10, '2020-07-13', 'SIN DESCRIPCION'),
(195, 15, 10, '2020-07-14', 'SIN DESCRIPCION'),
(196, 16, 10, '2020-07-15', 'SIN DESCRIPCION'),
(197, 17, 10, '2020-07-16', 'SIN DESCRIPCION'),
(198, 18, 10, '2020-07-17', 'SIN DESCRIPCION'),
(199, 19, 10, '2020-07-18', 'SIN DESCRIPCION'),
(200, 20, 10, '2020-07-19', 'SIN DESCRIPCION'),
(201, 1, 11, '2020-07-20', 'SIN DESCRIPCION'),
(202, 2, 11, '2020-07-21', 'SIN DESCRIPCION'),
(203, 3, 11, '2020-07-22', 'SIN DESCRIPCION'),
(204, 4, 11, '2020-07-23', 'SIN DESCRIPCION'),
(205, 5, 11, '2020-07-24', 'SIN DESCRIPCION'),
(206, 6, 11, '2020-07-25', 'SIN DESCRIPCION'),
(207, 7, 11, '2020-07-26', 'SIN DESCRIPCION'),
(208, 8, 11, '2020-07-27', 'SIN DESCRIPCION'),
(209, 9, 11, '2020-07-28', 'SIN DESCRIPCION'),
(210, 10, 11, '2020-07-29', 'SIN DESCRIPCION'),
(211, 11, 11, '2020-07-30', 'SIN DESCRIPCION'),
(212, 12, 11, '2020-07-31', 'SIN DESCRIPCION'),
(213, 13, 11, '2020-08-01', 'SIN DESCRIPCION'),
(214, 14, 11, '2020-08-02', 'SIN DESCRIPCION'),
(215, 15, 11, '2020-08-03', 'SIN DESCRIPCION'),
(216, 16, 11, '2020-08-04', 'SIN DESCRIPCION'),
(217, 17, 11, '2020-08-05', 'SIN DESCRIPCION'),
(218, 18, 11, '2020-08-06', 'SIN DESCRIPCION'),
(219, 19, 11, '2020-08-07', 'SIN DESCRIPCION'),
(220, 20, 11, '2020-08-08', 'SIN DESCRIPCION'),
(221, 1, 12, '2020-08-09', 'SIN DESCRIPCION'),
(222, 2, 12, '2020-08-10', 'SIN DESCRIPCION'),
(223, 3, 12, '2020-08-11', 'SIN DESCRIPCION'),
(224, 4, 12, '2020-08-12', 'SIN DESCRIPCION'),
(225, 5, 12, '2020-08-13', 'SIN DESCRIPCION'),
(226, 6, 12, '2020-08-14', 'SIN DESCRIPCION'),
(227, 7, 12, '2020-08-15', 'SIN DESCRIPCION'),
(228, 8, 12, '2020-08-16', 'SIN DESCRIPCION'),
(229, 9, 12, '2020-08-17', 'SIN DESCRIPCION'),
(230, 10, 12, '2020-08-18', 'SIN DESCRIPCION'),
(231, 11, 12, '2020-08-19', 'SIN DESCRIPCION'),
(232, 12, 12, '2020-08-20', 'SIN DESCRIPCION'),
(233, 13, 12, '2020-08-21', 'SIN DESCRIPCION'),
(234, 14, 12, '2020-08-22', 'SIN DESCRIPCION'),
(235, 15, 12, '2020-08-23', 'SIN DESCRIPCION'),
(236, 16, 12, '2020-08-24', 'SIN DESCRIPCION'),
(237, 17, 12, '2020-08-25', 'SIN DESCRIPCION'),
(238, 18, 12, '2020-08-26', 'SIN DESCRIPCION'),
(239, 19, 12, '2020-08-27', 'SIN DESCRIPCION'),
(240, 20, 12, '2020-08-28', 'SIN DESCRIPCION'),
(241, 1, 13, '2020-08-29', 'SIN DESCRIPCION'),
(242, 2, 13, '2020-08-30', 'SIN DESCRIPCION'),
(243, 3, 13, '2020-08-31', 'SIN DESCRIPCION'),
(244, 4, 13, '2020-09-01', 'SIN DESCRIPCION'),
(245, 5, 13, '2020-09-02', 'SIN DESCRIPCION'),
(246, 6, 13, '2020-09-03', 'SIN DESCRIPCION'),
(247, 7, 13, '2020-09-04', 'SIN DESCRIPCION'),
(248, 8, 13, '2020-09-05', 'SIN DESCRIPCION'),
(249, 9, 13, '2020-09-06', 'SIN DESCRIPCION'),
(250, 10, 13, '2020-09-07', 'SIN DESCRIPCION'),
(251, 11, 13, '2020-09-08', 'SIN DESCRIPCION'),
(252, 12, 13, '2020-09-09', 'SIN DESCRIPCION'),
(253, 13, 13, '2020-09-10', 'SIN DESCRIPCION'),
(254, 14, 13, '2020-09-11', 'SIN DESCRIPCION'),
(255, 15, 13, '2020-09-12', 'SIN DESCRIPCION'),
(256, 16, 13, '2020-09-13', 'SIN DESCRIPCION'),
(257, 17, 13, '2020-09-14', 'SIN DESCRIPCION'),
(258, 18, 13, '2020-09-15', 'SIN DESCRIPCION'),
(259, 19, 13, '2020-09-16', 'SIN DESCRIPCION'),
(260, 20, 13, '2020-09-17', 'SIN DESCRIPCION');

-- --------------------------------------------------------

--
-- Table structure for table `calendariohaab`
--

CREATE TABLE `calendariohaab` (
  `id` int(11) NOT NULL,
  `nahual` int(11) NOT NULL,
  `winal` int(11) NOT NULL,
  `nombre` varchar(35) NOT NULL,
  `fecha` date NOT NULL,
  `descripcion` varchar(5000) DEFAULT NULL
) ENGINE=InnoDB DEFAULT CHARSET=utf8;

--
-- Dumping data for table `calendariohaab`
--

INSERT INTO `calendariohaab` (`id`, `nahual`, `winal`, `nombre`, `fecha`, `descripcion`) VALUES
(1, 1, 1, 'SIN NOMBRE', '2020-01-01', 'SIN DESCRIPCION'),
(2, 2, 1, 'SIN NOMBRE', '2020-01-02', 'SIN DESCRIPCION'),
(3, 3, 1, 'SIN NOMBRE', '2020-01-03', 'SIN DESCRIPCION'),
(4, 4, 1, 'SIN NOMBRE', '2020-01-04', 'SIN DESCRIPCION'),
(5, 5, 1, 'SIN NOMBRE', '2020-01-05', 'SIN DESCRIPCION'),
(6, 6, 1, 'SIN NOMBRE', '2020-01-06', 'SIN DESCRIPCION'),
(7, 7, 1, 'SIN NOMBRE', '2020-01-07', 'SIN DESCRIPCION'),
(8, 8, 1, 'SIN NOMBRE', '2020-01-08', 'SIN DESCRIPCION'),
(9, 9, 1, 'SIN NOMBRE', '2020-01-09', 'SIN DESCRIPCION'),
(10, 10, 1, 'SIN NOMBRE', '2020-01-10', 'SIN DESCRIPCION'),
(11, 11, 1, 'SIN NOMBRE', '2020-01-11', 'SIN DESCRIPCION'),
(12, 12, 1, 'SIN NOMBRE', '2020-01-12', 'SIN DESCRIPCION'),
(13, 13, 1, 'SIN NOMBRE', '2020-01-13', 'SIN DESCRIPCION'),
(14, 14, 1, 'SIN NOMBRE', '2020-01-14', 'SIN DESCRIPCION'),
(15, 15, 1, 'SIN NOMBRE', '2020-01-15', 'SIN DESCRIPCION'),
(16, 16, 1, 'SIN NOMBRE', '2020-01-16', 'SIN DESCRIPCION'),
(17, 17, 1, 'SIN NOMBRE', '2020-01-17', 'SIN DESCRIPCION'),
(18, 18, 1, 'SIN NOMBRE', '2020-01-18', 'SIN DESCRIPCION'),
(19, 19, 1, 'SIN NOMBRE', '2020-01-19', 'SIN DESCRIPCION'),
(20, 20, 1, 'SIN NOMBRE', '2020-01-20', 'SIN DESCRIPCION'),
(21, 1, 2, 'SIN NOMBRE', '2020-01-21', 'SIN DESCRIPCION'),
(22, 2, 2, 'SIN NOMBRE', '2020-01-22', 'SIN DESCRIPCION'),
(23, 3, 2, 'SIN NOMBRE', '2020-01-23', 'SIN DESCRIPCION'),
(24, 4, 2, 'SIN NOMBRE', '2020-01-24', 'SIN DESCRIPCION'),
(25, 5, 2, 'SIN NOMBRE', '2020-01-25', 'SIN DESCRIPCION'),
(26, 6, 2, 'SIN NOMBRE', '2020-01-26', 'SIN DESCRIPCION'),
(27, 7, 2, 'SIN NOMBRE', '2020-01-27', 'SIN DESCRIPCION'),
(28, 8, 2, 'SIN NOMBRE', '2020-01-28', 'SIN DESCRIPCION'),
(29, 9, 2, 'SIN NOMBRE', '2020-01-29', 'SIN DESCRIPCION'),
(30, 10, 2, 'SIN NOMBRE', '2020-01-30', 'SIN DESCRIPCION'),
(31, 11, 2, 'SIN NOMBRE', '2020-01-31', 'SIN DESCRIPCION'),
(32, 12, 2, 'SIN NOMBRE', '2020-02-01', 'SIN DESCRIPCION'),
(33, 13, 2, 'SIN NOMBRE', '2020-02-02', 'SIN DESCRIPCION'),
(34, 14, 2, 'SIN NOMBRE', '2020-02-03', 'SIN DESCRIPCION'),
(35, 15, 2, 'SIN NOMBRE', '2020-02-04', 'SIN DESCRIPCION'),
(36, 16, 2, 'SIN NOMBRE', '2020-02-05', 'SIN DESCRIPCION'),
(37, 17, 2, 'SIN NOMBRE', '2020-02-06', 'SIN DESCRIPCION'),
(38, 18, 2, 'SIN NOMBRE', '2020-02-07', 'SIN DESCRIPCION'),
(39, 19, 2, 'SIN NOMBRE', '2020-02-08', 'SIN DESCRIPCION'),
(40, 20, 2, 'SIN NOMBRE', '2020-02-09', 'SIN DESCRIPCION'),
(41, 1, 3, 'SIN NOMBRE', '2020-02-10', 'SIN DESCRIPCION'),
(42, 2, 3, 'SIN NOMBRE', '2020-02-11', 'SIN DESCRIPCION'),
(43, 3, 3, 'SIN NOMBRE', '2020-02-12', 'SIN DESCRIPCION'),
(44, 4, 3, 'SIN NOMBRE', '2020-02-13', 'SIN DESCRIPCION'),
(45, 5, 3, 'SIN NOMBRE', '2020-02-14', 'SIN DESCRIPCION'),
(46, 6, 3, 'SIN NOMBRE', '2020-02-15', 'SIN DESCRIPCION'),
(47, 7, 3, 'SIN NOMBRE', '2020-02-16', 'SIN DESCRIPCION'),
(48, 8, 3, 'SIN NOMBRE', '2020-02-17', 'SIN DESCRIPCION'),
(49, 9, 3, 'SIN NOMBRE', '2020-02-18', 'SIN DESCRIPCION'),
(50, 10, 3, 'SIN NOMBRE', '2020-02-19', 'SIN DESCRIPCION'),
(51, 11, 3, 'SIN NOMBRE', '2020-02-20', 'SIN DESCRIPCION'),
(52, 12, 3, 'SIN NOMBRE', '2020-02-21', 'SIN DESCRIPCION'),
(53, 13, 3, 'SIN NOMBRE', '2020-02-22', 'SIN DESCRIPCION'),
(54, 14, 3, 'SIN NOMBRE', '2020-02-23', 'SIN DESCRIPCION'),
(55, 15, 3, 'SIN NOMBRE', '2020-02-24', 'SIN DESCRIPCION'),
(56, 16, 3, 'SIN NOMBRE', '2020-02-25', 'SIN DESCRIPCION'),
(57, 17, 3, 'SIN NOMBRE', '2020-02-26', 'SIN DESCRIPCION'),
(58, 18, 3, 'SIN NOMBRE', '2020-02-27', 'SIN DESCRIPCION'),
(59, 19, 3, 'SIN NOMBRE', '2020-02-28', 'SIN DESCRIPCION'),
(60, 20, 3, 'SIN NOMBRE', '2020-03-01', 'SIN DESCRIPCION'),
(61, 1, 4, 'SIN NOMBRE', '2020-03-02', 'SIN DESCRIPCION'),
(62, 2, 4, 'SIN NOMBRE', '2020-03-03', 'SIN DESCRIPCION'),
(63, 3, 4, 'SIN NOMBRE', '2020-03-04', 'SIN DESCRIPCION'),
(64, 4, 4, 'SIN NOMBRE', '2020-03-05', 'SIN DESCRIPCION'),
(65, 5, 4, 'SIN NOMBRE', '2020-03-06', 'SIN DESCRIPCION'),
(66, 6, 4, 'SIN NOMBRE', '2020-03-07', 'SIN DESCRIPCION'),
(67, 7, 4, 'SIN NOMBRE', '2020-03-08', 'SIN DESCRIPCION'),
(68, 8, 4, 'SIN NOMBRE', '2020-03-09', 'SIN DESCRIPCION'),
(69, 9, 4, 'SIN NOMBRE', '2020-03-10', 'SIN DESCRIPCION'),
(70, 10, 4, 'SIN NOMBRE', '2020-03-11', 'SIN DESCRIPCION'),
(71, 11, 4, 'SIN NOMBRE', '2020-03-12', 'SIN DESCRIPCION'),
(72, 12, 4, 'SIN NOMBRE', '2020-03-13', 'SIN DESCRIPCION'),
(73, 13, 4, 'SIN NOMBRE', '2020-03-14', 'SIN DESCRIPCION'),
(74, 14, 4, 'SIN NOMBRE', '2020-03-15', 'SIN DESCRIPCION'),
(75, 15, 4, 'SIN NOMBRE', '2020-03-16', 'SIN DESCRIPCION'),
(76, 16, 4, 'SIN NOMBRE', '2020-03-17', 'SIN DESCRIPCION'),
(77, 17, 4, 'SIN NOMBRE', '2020-03-18', 'SIN DESCRIPCION'),
(78, 18, 4, 'SIN NOMBRE', '2020-03-19', 'SIN DESCRIPCION'),
(79, 19, 4, 'SIN NOMBRE', '2020-03-20', 'SIN DESCRIPCION'),
(80, 20, 4, 'SIN NOMBRE', '2020-03-21', 'SIN DESCRIPCION'),
(81, 1, 5, 'SIN NOMBRE', '2020-03-22', 'SIN DESCRIPCION'),
(82, 2, 5, 'SIN NOMBRE', '2020-03-23', 'SIN DESCRIPCION'),
(83, 3, 5, 'SIN NOMBRE', '2020-03-24', 'SIN DESCRIPCION'),
(84, 4, 5, 'SIN NOMBRE', '2020-03-25', 'SIN DESCRIPCION'),
(85, 5, 5, 'SIN NOMBRE', '2020-03-26', 'SIN DESCRIPCION'),
(86, 6, 5, 'SIN NOMBRE', '2020-03-27', 'SIN DESCRIPCION'),
(87, 7, 5, 'SIN NOMBRE', '2020-03-28', 'SIN DESCRIPCION'),
(88, 8, 5, 'SIN NOMBRE', '2020-03-29', 'SIN DESCRIPCION'),
(89, 9, 5, 'SIN NOMBRE', '2020-03-30', 'SIN DESCRIPCION'),
(90, 10, 5, 'SIN NOMBRE', '2020-03-31', 'SIN DESCRIPCION'),
(91, 11, 5, 'SIN NOMBRE', '2020-04-01', 'SIN DESCRIPCION'),
(92, 12, 5, 'SIN NOMBRE', '2020-04-02', 'SIN DESCRIPCION'),
(93, 13, 5, 'SIN NOMBRE', '2020-04-03', 'SIN DESCRIPCION'),
(94, 14, 5, 'SIN NOMBRE', '2020-04-04', 'SIN DESCRIPCION'),
(95, 15, 5, 'SIN NOMBRE', '2020-04-05', 'SIN DESCRIPCION'),
(96, 16, 5, 'SIN NOMBRE', '2020-04-06', 'SIN DESCRIPCION'),
(97, 17, 5, 'SIN NOMBRE', '2020-04-07', 'SIN DESCRIPCION'),
(98, 18, 5, 'SIN NOMBRE', '2020-04-08', 'SIN DESCRIPCION'),
(99, 19, 5, 'SIN NOMBRE', '2020-04-09', 'SIN DESCRIPCION'),
(100, 20, 5, 'SIN NOMBRE', '2020-04-10', 'SIN DESCRIPCION'),
(101, 1, 6, 'SIN NOMBRE', '2020-04-11', 'SIN DESCRIPCION'),
(102, 2, 6, 'SIN NOMBRE', '2020-04-12', 'SIN DESCRIPCION'),
(103, 3, 6, 'SIN NOMBRE', '2020-04-13', 'SIN DESCRIPCION'),
(104, 4, 6, 'SIN NOMBRE', '2020-04-14', 'SIN DESCRIPCION'),
(105, 5, 6, 'SIN NOMBRE', '2020-04-15', 'SIN DESCRIPCION'),
(106, 6, 6, 'SIN NOMBRE', '2020-04-16', 'SIN DESCRIPCION'),
(107, 7, 6, 'SIN NOMBRE', '2020-04-17', 'SIN DESCRIPCION'),
(108, 8, 6, 'SIN NOMBRE', '2020-04-18', 'SIN DESCRIPCION'),
(109, 9, 6, 'SIN NOMBRE', '2020-04-19', 'SIN DESCRIPCION'),
(110, 10, 6, 'SIN NOMBRE', '2020-04-20', 'SIN DESCRIPCION'),
(111, 11, 6, 'SIN NOMBRE', '2020-04-21', 'SIN DESCRIPCION'),
(112, 12, 6, 'SIN NOMBRE', '2020-04-22', 'SIN DESCRIPCION'),
(113, 13, 6, 'SIN NOMBRE', '2020-04-23', 'SIN DESCRIPCION'),
(114, 14, 6, 'SIN NOMBRE', '2020-04-24', 'SIN DESCRIPCION'),
(115, 15, 6, 'SIN NOMBRE', '2020-04-25', 'SIN DESCRIPCION'),
(116, 16, 6, 'SIN NOMBRE', '2020-04-26', 'SIN DESCRIPCION'),
(117, 17, 6, 'SIN NOMBRE', '2020-04-27', 'SIN DESCRIPCION'),
(118, 18, 6, 'SIN NOMBRE', '2020-04-28', 'SIN DESCRIPCION'),
(119, 19, 6, 'SIN NOMBRE', '2020-04-29', 'SIN DESCRIPCION'),
(120, 20, 6, 'SIN NOMBRE', '2020-04-30', 'SIN DESCRIPCION'),
(121, 1, 7, 'SIN NOMBRE', '2020-05-01', 'SIN DESCRIPCION'),
(122, 2, 7, 'SIN NOMBRE', '2020-05-02', 'SIN DESCRIPCION'),
(123, 3, 7, 'SIN NOMBRE', '2020-05-03', 'SIN DESCRIPCION'),
(124, 4, 7, 'SIN NOMBRE', '2020-05-04', 'SIN DESCRIPCION'),
(125, 5, 7, 'SIN NOMBRE', '2020-05-05', 'SIN DESCRIPCION'),
(126, 6, 7, 'SIN NOMBRE', '2020-05-06', 'SIN DESCRIPCION'),
(127, 7, 7, 'SIN NOMBRE', '2020-05-07', 'SIN DESCRIPCION'),
(128, 8, 7, 'SIN NOMBRE', '2020-05-08', 'SIN DESCRIPCION'),
(129, 9, 7, 'SIN NOMBRE', '2020-05-09', 'SIN DESCRIPCION'),
(130, 10, 7, 'SIN NOMBRE', '2020-05-10', 'SIN DESCRIPCION'),
(131, 11, 7, 'SIN NOMBRE', '2020-05-11', 'SIN DESCRIPCION'),
(132, 12, 7, 'SIN NOMBRE', '2020-05-12', 'SIN DESCRIPCION'),
(133, 13, 7, 'SIN NOMBRE', '2020-05-13', 'SIN DESCRIPCION'),
(134, 14, 7, 'SIN NOMBRE', '2020-05-14', 'SIN DESCRIPCION'),
(135, 15, 7, 'SIN NOMBRE', '2020-05-15', 'SIN DESCRIPCION'),
(136, 16, 7, 'SIN NOMBRE', '2020-05-16', 'SIN DESCRIPCION'),
(137, 17, 7, 'SIN NOMBRE', '2020-05-17', 'SIN DESCRIPCION'),
(138, 18, 7, 'SIN NOMBRE', '2020-05-18', 'SIN DESCRIPCION'),
(139, 19, 7, 'SIN NOMBRE', '2020-05-19', 'SIN DESCRIPCION'),
(140, 20, 7, 'SIN NOMBRE', '2020-05-20', 'SIN DESCRIPCION'),
(141, 1, 8, 'SIN NOMBRE', '2020-05-21', 'SIN DESCRIPCION'),
(142, 2, 8, 'SIN NOMBRE', '2020-05-22', 'SIN DESCRIPCION'),
(143, 3, 8, 'SIN NOMBRE', '2020-05-23', 'SIN DESCRIPCION'),
(144, 4, 8, 'SIN NOMBRE', '2020-05-24', 'SIN DESCRIPCION'),
(145, 5, 8, 'SIN NOMBRE', '2020-05-25', 'SIN DESCRIPCION'),
(146, 6, 8, 'SIN NOMBRE', '2020-05-26', 'SIN DESCRIPCION'),
(147, 7, 8, 'SIN NOMBRE', '2020-05-27', 'SIN DESCRIPCION'),
(148, 8, 8, 'SIN NOMBRE', '2020-05-28', 'SIN DESCRIPCION'),
(149, 9, 8, 'SIN NOMBRE', '2020-05-29', 'SIN DESCRIPCION'),
(150, 10, 8, 'SIN NOMBRE', '2020-05-30', 'SIN DESCRIPCION'),
(151, 11, 8, 'SIN NOMBRE', '2020-05-31', 'SIN DESCRIPCION'),
(152, 12, 8, 'SIN NOMBRE', '2020-06-01', 'SIN DESCRIPCION'),
(153, 13, 8, 'SIN NOMBRE', '2020-06-02', 'SIN DESCRIPCION'),
(154, 14, 8, 'SIN NOMBRE', '2020-06-03', 'SIN DESCRIPCION'),
(155, 15, 8, 'SIN NOMBRE', '2020-06-04', 'SIN DESCRIPCION'),
(156, 16, 8, 'SIN NOMBRE', '2020-06-05', 'SIN DESCRIPCION'),
(157, 17, 8, 'SIN NOMBRE', '2020-06-06', 'SIN DESCRIPCION'),
(158, 18, 8, 'SIN NOMBRE', '2020-06-07', 'SIN DESCRIPCION'),
(159, 19, 8, 'SIN NOMBRE', '2020-06-08', 'SIN DESCRIPCION'),
(160, 20, 8, 'SIN NOMBRE', '2020-06-09', 'SIN DESCRIPCION'),
(161, 1, 9, 'SIN NOMBRE', '2020-06-10', 'SIN DESCRIPCION'),
(162, 2, 9, 'SIN NOMBRE', '2020-06-11', 'SIN DESCRIPCION'),
(163, 3, 9, 'SIN NOMBRE', '2020-06-12', 'SIN DESCRIPCION'),
(164, 4, 9, 'SIN NOMBRE', '2020-06-13', 'SIN DESCRIPCION'),
(165, 5, 9, 'SIN NOMBRE', '2020-06-14', 'SIN DESCRIPCION'),
(166, 6, 9, 'SIN NOMBRE', '2020-06-15', 'SIN DESCRIPCION'),
(167, 7, 9, 'SIN NOMBRE', '2020-06-16', 'SIN DESCRIPCION'),
(168, 8, 9, 'SIN NOMBRE', '2020-06-17', 'SIN DESCRIPCION'),
(169, 9, 9, 'SIN NOMBRE', '2020-06-18', 'SIN DESCRIPCION'),
(170, 10, 9, 'SIN NOMBRE', '2020-06-19', 'SIN DESCRIPCION'),
(171, 11, 9, 'SIN NOMBRE', '2020-06-20', 'SIN DESCRIPCION'),
(172, 12, 9, 'SIN NOMBRE', '2020-06-21', 'SIN DESCRIPCION'),
(173, 13, 9, 'SIN NOMBRE', '2020-06-22', 'SIN DESCRIPCION'),
(174, 14, 9, 'SIN NOMBRE', '2020-06-23', 'SIN DESCRIPCION'),
(175, 15, 9, 'SIN NOMBRE', '2020-06-24', 'SIN DESCRIPCION'),
(176, 16, 9, 'SIN NOMBRE', '2020-06-25', 'SIN DESCRIPCION'),
(177, 17, 9, 'SIN NOMBRE', '2020-06-26', 'SIN DESCRIPCION'),
(178, 18, 9, 'SIN NOMBRE', '2020-06-27', 'SIN DESCRIPCION'),
(179, 19, 9, 'SIN NOMBRE', '2020-06-28', 'SIN DESCRIPCION'),
(180, 20, 9, 'SIN NOMBRE', '2020-06-29', 'SIN DESCRIPCION'),
(181, 1, 10, 'SIN NOMBRE', '2020-06-30', 'SIN DESCRIPCION'),
(182, 2, 10, 'SIN NOMBRE', '2020-07-01', 'SIN DESCRIPCION'),
(183, 3, 10, 'SIN NOMBRE', '2020-07-02', 'SIN DESCRIPCION'),
(184, 4, 10, 'SIN NOMBRE', '2020-07-03', 'SIN DESCRIPCION'),
(185, 5, 10, 'SIN NOMBRE', '2020-07-04', 'SIN DESCRIPCION'),
(186, 6, 10, 'SIN NOMBRE', '2020-07-05', 'SIN DESCRIPCION'),
(187, 7, 10, 'SIN NOMBRE', '2020-07-06', 'SIN DESCRIPCION'),
(188, 8, 10, 'SIN NOMBRE', '2020-07-07', 'SIN DESCRIPCION'),
(189, 9, 10, 'SIN NOMBRE', '2020-07-08', 'SIN DESCRIPCION'),
(190, 10, 10, 'SIN NOMBRE', '2020-07-09', 'SIN DESCRIPCION'),
(191, 11, 10, 'SIN NOMBRE', '2020-07-10', 'SIN DESCRIPCION'),
(192, 12, 10, 'SIN NOMBRE', '2020-07-11', 'SIN DESCRIPCION'),
(193, 13, 10, 'SIN NOMBRE', '2020-07-12', 'SIN DESCRIPCION'),
(194, 14, 10, 'SIN NOMBRE', '2020-07-13', 'SIN DESCRIPCION'),
(195, 15, 10, 'SIN NOMBRE', '2020-07-14', 'SIN DESCRIPCION'),
(196, 16, 10, 'SIN NOMBRE', '2020-07-15', 'SIN DESCRIPCION'),
(197, 17, 10, 'SIN NOMBRE', '2020-07-16', 'SIN DESCRIPCION'),
(198, 18, 10, 'SIN NOMBRE', '2020-07-17', 'SIN DESCRIPCION'),
(199, 19, 10, 'SIN NOMBRE', '2020-07-18', 'SIN DESCRIPCION'),
(200, 20, 10, 'SIN NOMBRE', '2020-07-19', 'SIN DESCRIPCION'),
(201, 1, 11, 'SIN NOMBRE', '2020-07-20', 'SIN DESCRIPCION'),
(202, 2, 11, 'SIN NOMBRE', '2020-07-21', 'SIN DESCRIPCION'),
(203, 3, 11, 'SIN NOMBRE', '2020-07-22', 'SIN DESCRIPCION'),
(204, 4, 11, 'SIN NOMBRE', '2020-07-23', 'SIN DESCRIPCION'),
(205, 5, 11, 'SIN NOMBRE', '2020-07-24', 'SIN DESCRIPCION'),
(206, 6, 11, 'SIN NOMBRE', '2020-07-25', 'SIN DESCRIPCION'),
(207, 7, 11, 'SIN NOMBRE', '2020-07-26', 'SIN DESCRIPCION'),
(208, 8, 11, 'SIN NOMBRE', '2020-07-27', 'SIN DESCRIPCION'),
(209, 9, 11, 'SIN NOMBRE', '2020-07-28', 'SIN DESCRIPCION'),
(210, 10, 11, 'SIN NOMBRE', '2020-07-29', 'SIN DESCRIPCION'),
(211, 11, 11, 'SIN NOMBRE', '2020-07-30', 'SIN DESCRIPCION'),
(212, 12, 11, 'SIN NOMBRE', '2020-07-31', 'SIN DESCRIPCION'),
(213, 13, 11, 'SIN NOMBRE', '2020-08-01', 'SIN DESCRIPCION'),
(214, 14, 11, 'SIN NOMBRE', '2020-08-02', 'SIN DESCRIPCION'),
(215, 15, 11, 'SIN NOMBRE', '2020-08-03', 'SIN DESCRIPCION'),
(216, 16, 11, 'SIN NOMBRE', '2020-08-04', 'SIN DESCRIPCION'),
(217, 17, 11, 'SIN NOMBRE', '2020-08-05', 'SIN DESCRIPCION'),
(218, 18, 11, 'SIN NOMBRE', '2020-08-06', 'SIN DESCRIPCION'),
(219, 19, 11, 'SIN NOMBRE', '2020-08-07', 'SIN DESCRIPCION'),
(220, 20, 11, 'SIN NOMBRE', '2020-08-08', 'SIN DESCRIPCION'),
(221, 1, 12, 'SIN NOMBRE', '2020-08-09', 'SIN DESCRIPCION'),
(222, 2, 12, 'SIN NOMBRE', '2020-08-10', 'SIN DESCRIPCION'),
(223, 3, 12, 'SIN NOMBRE', '2020-08-11', 'SIN DESCRIPCION'),
(224, 4, 12, 'SIN NOMBRE', '2020-08-12', 'SIN DESCRIPCION'),
(225, 5, 12, 'SIN NOMBRE', '2020-08-13', 'SIN DESCRIPCION'),
(226, 6, 12, 'SIN NOMBRE', '2020-08-14', 'SIN DESCRIPCION'),
(227, 7, 12, 'SIN NOMBRE', '2020-08-15', 'SIN DESCRIPCION'),
(228, 8, 12, 'SIN NOMBRE', '2020-08-16', 'SIN DESCRIPCION'),
(229, 9, 12, 'SIN NOMBRE', '2020-08-17', 'SIN DESCRIPCION'),
(230, 10, 12, 'SIN NOMBRE', '2020-08-18', 'SIN DESCRIPCION'),
(231, 11, 12, 'SIN NOMBRE', '2020-08-19', 'SIN DESCRIPCION'),
(232, 12, 12, 'SIN NOMBRE', '2020-08-20', 'SIN DESCRIPCION'),
(233, 13, 12, 'SIN NOMBRE', '2020-08-21', 'SIN DESCRIPCION'),
(234, 14, 12, 'SIN NOMBRE', '2020-08-22', 'SIN DESCRIPCION'),
(235, 15, 12, 'SIN NOMBRE', '2020-08-23', 'SIN DESCRIPCION'),
(236, 16, 12, 'SIN NOMBRE', '2020-08-24', 'SIN DESCRIPCION'),
(237, 17, 12, 'SIN NOMBRE', '2020-08-25', 'SIN DESCRIPCION'),
(238, 18, 12, 'SIN NOMBRE', '2020-08-26', 'SIN DESCRIPCION'),
(239, 19, 12, 'SIN NOMBRE', '2020-08-27', 'SIN DESCRIPCION'),
(240, 20, 12, 'SIN NOMBRE', '2020-08-28', 'SIN DESCRIPCION'),
(241, 1, 13, 'SIN NOMBRE', '2020-08-29', 'SIN DESCRIPCION'),
(242, 2, 13, 'SIN NOMBRE', '2020-08-30', 'SIN DESCRIPCION'),
(243, 3, 13, 'SIN NOMBRE', '2020-08-31', 'SIN DESCRIPCION'),
(244, 4, 13, 'SIN NOMBRE', '2020-09-01', 'SIN DESCRIPCION'),
(245, 5, 13, 'SIN NOMBRE', '2020-09-02', 'SIN DESCRIPCION'),
(246, 6, 13, 'SIN NOMBRE', '2020-09-03', 'SIN DESCRIPCION'),
(247, 7, 13, 'SIN NOMBRE', '2020-09-04', 'SIN DESCRIPCION'),
(248, 8, 13, 'SIN NOMBRE', '2020-09-05', 'SIN DESCRIPCION'),
(249, 9, 13, 'SIN NOMBRE', '2020-09-06', 'SIN DESCRIPCION'),
(250, 10, 13, 'SIN NOMBRE', '2020-09-07', 'SIN DESCRIPCION'),
(251, 11, 13, 'SIN NOMBRE', '2020-09-08', 'SIN DESCRIPCION'),
(252, 12, 13, 'SIN NOMBRE', '2020-09-09', 'SIN DESCRIPCION'),
(253, 13, 13, 'SIN NOMBRE', '2020-09-10', 'SIN DESCRIPCION'),
(254, 14, 13, 'SIN NOMBRE', '2020-09-11', 'SIN DESCRIPCION'),
(255, 15, 13, 'SIN NOMBRE', '2020-09-12', 'SIN DESCRIPCION'),
(256, 16, 13, 'SIN NOMBRE', '2020-09-13', 'SIN DESCRIPCION'),
(257, 17, 13, 'SIN NOMBRE', '2020-09-14', 'SIN DESCRIPCION'),
(258, 18, 13, 'SIN NOMBRE', '2020-09-15', 'SIN DESCRIPCION'),
(259, 19, 13, 'SIN NOMBRE', '2020-09-16', 'SIN DESCRIPCION'),
(260, 20, 13, 'SIN NOMBRE', '2020-09-17', 'SIN DESCRIPCION'),
(261, 1, 14, 'SIN NOMBRE', '2020-09-18', 'SIN DESCRIPCION'),
(262, 2, 14, 'SIN NOMBRE', '2020-09-19', 'SIN DESCRIPCION'),
(263, 3, 14, 'SIN NOMBRE', '2020-09-20', 'SIN DESCRIPCION'),
(264, 4, 14, 'SIN NOMBRE', '2020-09-21', 'SIN DESCRIPCION'),
(265, 5, 14, 'SIN NOMBRE', '2020-09-22', 'SIN DESCRIPCION'),
(266, 6, 14, 'SIN NOMBRE', '2020-09-23', 'SIN DESCRIPCION'),
(267, 7, 14, 'SIN NOMBRE', '2020-09-24', 'SIN DESCRIPCION'),
(268, 8, 14, 'SIN NOMBRE', '2020-09-25', 'SIN DESCRIPCION'),
(269, 9, 14, 'SIN NOMBRE', '2020-09-26', 'SIN DESCRIPCION'),
(270, 10, 14, 'SIN NOMBRE', '2020-09-27', 'SIN DESCRIPCION'),
(271, 11, 14, 'SIN NOMBRE', '2020-09-28', 'SIN DESCRIPCION'),
(272, 12, 14, 'SIN NOMBRE', '2020-09-29', 'SIN DESCRIPCION'),
(273, 13, 14, 'SIN NOMBRE', '2020-09-30', 'SIN DESCRIPCION'),
(274, 14, 14, 'SIN NOMBRE', '2020-10-01', 'SIN DESCRIPCION'),
(275, 15, 14, 'SIN NOMBRE', '2020-10-02', 'SIN DESCRIPCION'),
(276, 16, 14, 'SIN NOMBRE', '2020-10-03', 'SIN DESCRIPCION'),
(277, 17, 14, 'SIN NOMBRE', '2020-10-04', 'SIN DESCRIPCION'),
(278, 18, 14, 'SIN NOMBRE', '2020-10-05', 'SIN DESCRIPCION'),
(279, 19, 14, 'SIN NOMBRE', '2020-10-06', 'SIN DESCRIPCION'),
(280, 20, 14, 'SIN NOMBRE', '2020-10-07', 'SIN DESCRIPCION'),
(281, 1, 15, 'SIN NOMBRE', '2020-10-08', 'SIN DESCRIPCION'),
(282, 2, 15, 'SIN NOMBRE', '2020-10-09', 'SIN DESCRIPCION'),
(283, 3, 15, 'SIN NOMBRE', '2020-10-10', 'SIN DESCRIPCION'),
(284, 4, 15, 'SIN NOMBRE', '2020-10-11', 'SIN DESCRIPCION'),
(285, 5, 15, 'SIN NOMBRE', '2020-10-12', 'SIN DESCRIPCION'),
(286, 6, 15, 'SIN NOMBRE', '2020-10-13', 'SIN DESCRIPCION'),
(287, 7, 15, 'SIN NOMBRE', '2020-10-14', 'SIN DESCRIPCION'),
(288, 8, 15, 'SIN NOMBRE', '2020-10-15', 'SIN DESCRIPCION'),
(289, 9, 15, 'SIN NOMBRE', '2020-10-16', 'SIN DESCRIPCION'),
(290, 10, 15, 'SIN NOMBRE', '2020-10-17', 'SIN DESCRIPCION'),
(291, 11, 15, 'SIN NOMBRE', '2020-10-18', 'SIN DESCRIPCION'),
(292, 12, 15, 'SIN NOMBRE', '2020-10-19', 'SIN DESCRIPCION'),
(293, 13, 15, 'SIN NOMBRE', '2020-10-20', 'SIN DESCRIPCION'),
(294, 14, 15, 'SIN NOMBRE', '2020-10-21', 'SIN DESCRIPCION'),
(295, 15, 15, 'SIN NOMBRE', '2020-10-22', 'SIN DESCRIPCION'),
(296, 16, 15, 'SIN NOMBRE', '2020-10-23', 'SIN DESCRIPCION'),
(297, 17, 15, 'SIN NOMBRE', '2020-10-24', 'SIN DESCRIPCION'),
(298, 18, 15, 'SIN NOMBRE', '2020-10-25', 'SIN DESCRIPCION'),
(299, 19, 15, 'SIN NOMBRE', '2020-10-26', 'SIN DESCRIPCION'),
(300, 20, 15, 'SIN NOMBRE', '2020-10-27', 'SIN DESCRIPCION'),
(301, 1, 16, 'SIN NOMBRE', '2020-10-28', 'SIN DESCRIPCION'),
(302, 2, 16, 'SIN NOMBRE', '2020-10-29', 'SIN DESCRIPCION'),
(303, 3, 16, 'SIN NOMBRE', '2020-10-30', 'SIN DESCRIPCION'),
(304, 4, 16, 'SIN NOMBRE', '2020-10-31', 'SIN DESCRIPCION'),
(305, 5, 16, 'SIN NOMBRE', '2020-11-01', 'SIN DESCRIPCION'),
(306, 6, 16, 'SIN NOMBRE', '2020-11-02', 'SIN DESCRIPCION'),
(307, 7, 16, 'SIN NOMBRE', '2020-11-03', 'SIN DESCRIPCION'),
(308, 8, 16, 'SIN NOMBRE', '2020-11-04', 'SIN DESCRIPCION'),
(309, 9, 16, 'SIN NOMBRE', '2020-11-05', 'SIN DESCRIPCION'),
(310, 10, 16, 'SIN NOMBRE', '2020-11-06', 'SIN DESCRIPCION'),
(311, 11, 16, 'SIN NOMBRE', '2020-11-07', 'SIN DESCRIPCION'),
(312, 12, 16, 'SIN NOMBRE', '2020-11-08', 'SIN DESCRIPCION'),
(313, 13, 16, 'SIN NOMBRE', '2020-11-09', 'SIN DESCRIPCION'),
(314, 14, 16, 'SIN NOMBRE', '2020-11-10', 'SIN DESCRIPCION'),
(315, 15, 16, 'SIN NOMBRE', '2020-11-11', 'SIN DESCRIPCION'),
(316, 16, 16, 'SIN NOMBRE', '2020-11-12', 'SIN DESCRIPCION'),
(317, 17, 16, 'SIN NOMBRE', '2020-11-13', 'SIN DESCRIPCION'),
(318, 18, 16, 'SIN NOMBRE', '2020-11-14', 'SIN DESCRIPCION'),
(319, 19, 16, 'SIN NOMBRE', '2020-11-15', 'SIN DESCRIPCION'),
(320, 20, 16, 'SIN NOMBRE', '2020-11-16', 'SIN DESCRIPCION'),
(321, 1, 17, 'SIN NOMBRE', '2020-11-17', 'SIN DESCRIPCION'),
(322, 2, 17, 'SIN NOMBRE', '2020-11-18', 'SIN DESCRIPCION'),
(323, 3, 17, 'SIN NOMBRE', '2020-11-19', 'SIN DESCRIPCION'),
(324, 4, 17, 'SIN NOMBRE', '2020-11-20', 'SIN DESCRIPCION'),
(325, 5, 17, 'SIN NOMBRE', '2020-11-21', 'SIN DESCRIPCION'),
(326, 6, 17, 'SIN NOMBRE', '2020-11-22', 'SIN DESCRIPCION'),
(327, 7, 17, 'SIN NOMBRE', '2020-11-23', 'SIN DESCRIPCION'),
(328, 8, 17, 'SIN NOMBRE', '2020-11-24', 'SIN DESCRIPCION'),
(329, 9, 17, 'SIN NOMBRE', '2020-11-25', 'SIN DESCRIPCION'),
(330, 10, 17, 'SIN NOMBRE', '2020-11-26', 'SIN DESCRIPCION'),
(331, 11, 17, 'SIN NOMBRE', '2020-11-27', 'SIN DESCRIPCION'),
(332, 12, 17, 'SIN NOMBRE', '2020-11-28', 'SIN DESCRIPCION'),
(333, 13, 17, 'SIN NOMBRE', '2020-11-29', 'SIN DESCRIPCION'),
(334, 14, 17, 'SIN NOMBRE', '2020-11-30', 'SIN DESCRIPCION'),
(335, 15, 17, 'SIN NOMBRE', '2020-12-01', 'SIN DESCRIPCION'),
(336, 16, 17, 'SIN NOMBRE', '2020-12-02', 'SIN DESCRIPCION'),
(337, 17, 17, 'SIN NOMBRE', '2020-12-03', 'SIN DESCRIPCION'),
(338, 18, 17, 'SIN NOMBRE', '2020-12-04', 'SIN DESCRIPCION'),
(339, 19, 17, 'SIN NOMBRE', '2020-12-05', 'SIN DESCRIPCION'),
(340, 20, 17, 'SIN NOMBRE', '2020-12-06', 'SIN DESCRIPCION'),
(341, 1, 18, 'SIN NOMBRE', '2020-12-07', 'SIN DESCRIPCION'),
(342, 2, 18, 'SIN NOMBRE', '2020-12-08', 'SIN DESCRIPCION'),
(343, 3, 18, 'SIN NOMBRE', '2020-12-09', 'SIN DESCRIPCION'),
(344, 4, 18, 'SIN NOMBRE', '2020-12-10', 'SIN DESCRIPCION'),
(345, 5, 18, 'SIN NOMBRE', '2020-12-11', 'SIN DESCRIPCION'),
(346, 6, 18, 'SIN NOMBRE', '2020-12-12', 'SIN DESCRIPCION'),
(347, 7, 18, 'SIN NOMBRE', '2020-12-13', 'SIN DESCRIPCION'),
(348, 8, 18, 'SIN NOMBRE', '2020-12-14', 'SIN DESCRIPCION'),
(349, 9, 18, 'SIN NOMBRE', '2020-12-15', 'SIN DESCRIPCION'),
(350, 10, 18, 'SIN NOMBRE', '2020-12-16', 'SIN DESCRIPCION'),
(351, 11, 18, 'SIN NOMBRE', '2020-12-17', 'SIN DESCRIPCION'),
(352, 12, 18, 'SIN NOMBRE', '2020-12-18', 'SIN DESCRIPCION'),
(353, 13, 18, 'SIN NOMBRE', '2020-12-19', 'SIN DESCRIPCION'),
(354, 14, 18, 'SIN NOMBRE', '2020-12-20', 'SIN DESCRIPCION'),
(355, 15, 18, 'SIN NOMBRE', '2020-12-21', 'SIN DESCRIPCION'),
(356, 16, 18, 'SIN NOMBRE', '2020-12-22', 'SIN DESCRIPCION'),
(357, 17, 18, 'SIN NOMBRE', '2020-12-23', 'SIN DESCRIPCION'),
(358, 18, 18, 'SIN NOMBRE', '2020-12-24', 'SIN DESCRIPCION'),
(359, 19, 18, 'SIN NOMBRE', '2020-12-25', 'SIN DESCRIPCION'),
(360, 20, 18, 'SIN NOMBRE', '2020-12-26', 'SIN DESCRIPCION'),
(361, 1, 19, 'SIN NOMBRE', '2020-12-27', 'SIN DESCRIPCION'),
(362, 2, 19, 'SIN NOMBRE', '2020-12-28', 'SIN DESCRIPCION'),
(363, 3, 19, 'SIN NOMBRE', '2020-12-29', 'SIN DESCRIPCION'),
(364, 4, 19, 'SIN NOMBRE', '2020-12-30', 'SIN DESCRIPCION'),
(365, 5, 19, 'SIN NOMBRE', '2020-12-31', 'SIN DESCRIPCION');

-- --------------------------------------------------------

--
-- Table structure for table `caracteristica`
--

CREATE TABLE `caracteristica` (
  `id` int(11) NOT NULL,
  `caracteristica` varchar(150) NOT NULL,
  `idNahual` int(11) NOT NULL
) ENGINE=InnoDB DEFAULT CHARSET=utf8mb4 COLLATE=utf8mb4_0900_ai_ci;

-- --------------------------------------------------------

--
-- Table structure for table `cargador`
--

CREATE TABLE `cargador` (
  `nombre` varchar(10) NOT NULL,
  `descripcion` varchar(45) NOT NULL,
  `rutaImagen` varchar(80) DEFAULT NULL,
  `id` int(11) DEFAULT NULL
) ENGINE=InnoDB DEFAULT CHARSET=utf8;

--
-- Dumping data for table `cargador`
--

INSERT INTO `cargador` (`nombre`, `descripcion`, `rutaImagen`, `id`) VALUES
('B\'E', 'Sin descripcion', './src/gui/nahuales/2 e.png', 1),
('IQ\'', 'Sin descripcion', './src/gui/nahuales/12 iq.png', 2),
('KEJ', 'Sin descripcion', './src/gui/nahuales/17 kej.png', 3),
('N\'oj', 'Sin descripcion', './src/gui/nahuales/7 noj.png', 4);

-- --------------------------------------------------------

--
-- Table structure for table `categoria`
--

CREATE TABLE `categoria` (
  `id` int(11) NOT NULL,
  `nombre` varchar(50) NOT NULL
) ENGINE=InnoDB DEFAULT CHARSET=utf8;

--
-- Dumping data for table `categoria`
--

INSERT INTO `categoria` (`id`, `nombre`) VALUES
(1, 'Guerra'),
(2, 'Comercio'),
(3, 'Vestimenta'),
(4, 'Fundacion');

-- --------------------------------------------------------

--
-- Table structure for table `categorizar`
--

CREATE TABLE `categorizar` (
  `idHechoHistorico` int(11) NOT NULL,
  `idCategoria` int(11) NOT NULL
) ENGINE=InnoDB DEFAULT CHARSET=utf8;

--
-- Dumping data for table `categorizar`
--

INSERT INTO `categorizar` (`idHechoHistorico`, `idCategoria`) VALUES
(28, 1),
(29, 4);

-- --------------------------------------------------------

--
-- Table structure for table `debilidad`
--

CREATE TABLE `debilidad` (
  `id` int(11) NOT NULL,
  `debilidad` varchar(150) NOT NULL,
  `idNahual` int(11) NOT NULL
) ENGINE=InnoDB DEFAULT CHARSET=utf8mb4 COLLATE=utf8mb4_0900_ai_ci;

--
-- Dumping data for table `debilidad`
--

INSERT INTO `debilidad` (`id`, `debilidad`, `idNahual`) VALUES
(1, 'Inseguro', 1),
(2, 'Harag├ín', 1),
(3, 'Enojado, agresivo', 1),
(4, 'Envidioso, calumniador', 1),
(5, 'Mala imaginaci├│n, incr├®dulo', 1),
(6, 'Ambicioso de cualquier cosa', 1),
(7, 'D├®bil de voluntad', 1),
(8, 'Desconfiado e inseguro', 2),
(9, 'Algunas veces se puede resentir', 2),
(10, 'Es variable con su car├ícter', 2),
(11, 'Es nervioso y fr├ígil', 2),
(12, 'Impaciente en algunas ocasiones', 2),
(13, 'Rega├▒a', 3),
(14, 'Celoso', 3),
(15, 'Nervioso', 3),
(16, 'Expuesto a discutir y juzgar', 3),
(17, 'Hace lo que le plazca', 3),
(18, 'Extremista, no es de moderaci├│n', 3),
(19, 'Hace bromas pesadas', 3),
(20, 'No es constante en la fe', 3),
(21, 'Variable', 3),
(22, 'Sufre con frecuencia, se enferma en la ni├▒ez', 3),
(23, 'Alcoh├│lico', 3),
(24, 'Destructor', 3),
(25, 'Una vida variable, de dolor', 3),
(26, 'tristeza y alegr├¡a', 3),
(27, 'Puede llegar a tener un car├ícter fuerte.', 4),
(28, 'Algunas veces se enoja y se impacienta.', 4),
(29, 'Su car├ícter le puede hacer prepotente, orgulloso, col├®rico, serio y vengativo.', 4),
(30, 'Envidia', 5),
(31, 'Infidelidad', 5),
(32, 'Avaricia', 5),
(33, 'Taca├▒er├¡a', 5),
(34, 'En alg├║n vicio', 5),
(35, 'Pecador', 6),
(36, 'Enamorado', 6),
(37, 'Alcoh├│lico', 6),
(38, 'Destructores de la herencia', 6),
(39, 'Mentirosos', 6),
(40, 'Afamados', 6),
(41, 'Resentido', 6),
(42, 'Ladr├│n', 6),
(43, 'Ad├║ltero', 6),
(44, 'Fr├¡os e insensibles', 6),
(45, 'Minimizan los sentimientos de los dem├ís', 6),
(46, 'Interesados en la autoridad y posici├│n social y pol├¡tica', 6),
(47, 'Puede caer en el orgullo.', 7),
(48, 'Se puede enojar con facilidad.', 7),
(49, 'Le cuesta tomar decisiones.', 7),
(50, 'Puede ser individualista y ego├¡sta.', 7),
(51, 'Puede ser violento y enojado.', 8),
(52, 'Puede sufrir enfermedades.', 8),
(53, 'Puede ofenderse f├ícilmente.', 8),
(54, 'Puede caer en la venganza y en los pleitos.', 8),
(55, 'Puede caer en el enojo.', 9),
(56, 'A veces es perseguido por los problemas y los pleitos.', 9),
(57, 'No es muy afortunado en el amor.', 9),
(58, 'Se le puede culpar de todo lo que pasa.', 9),
(59, 'Muy hablador.', 9),
(60, 'Se puede meter en donde no es llamado.', 9),
(61, 'Puede caer en el enojo.', 10),
(62, 'Puede ser tajante.', 10),
(63, 'Es delicado.,', 10),
(64, 'Puede enfermarse.', 10),
(65, 'Puede evadir responsabilidades.', 10),
(66, 'Le dificulta aceptar correcciones.', 10),
(67, 'Puede tener una actitud autosuficiencia.', 10),
(68, 'Se le olvida con facilidad las cosas.', 11),
(69, 'Puede resultar muy inseguro.', 11),
(70, 'Puede tener reacciones violentas.', 11),
(71, 'Es ordenado en sus cosas.', 11),
(72, 'Puede tener un car├ícter variado.', 11),
(73, 'De car├ícter muy fuerte.', 12),
(74, 'Puede resultar inseguro e impulsivo.', 12),
(75, 'Puede caer en la infidelidad con su pareja.', 12),
(76, 'Puede sufrir algunos problemas sociales y econ├│micos.', 12),
(77, 'Le encanta decir directamente las cosas.', 12),
(78, 'No es bien reconocido en su tierra.', 13),
(79, 'Puede encontrar el fracaso.', 13),
(80, 'Puede caer en la mentira y la traici├│n.', 13),
(81, 'Puede tener dificultades en lo econ├│mico.', 13),
(82, 'Es un poco reservado y aislado.', 13),
(83, 'Puede caer en los chismes y en el enojo.', 14),
(84, 'Puede resultar nervioso.', 14),
(85, 'Puede perder las cosas con facilidad.', 14),
(86, 'Puede estar propenso a malas influencias.', 14),
(87, 'Puede caer en el individualismo.', 14),
(88, 'Puede caer en elorgullo.', 14),
(89, 'Con tendencia a meterse en los problemas ajenos.', 14),
(90, 'Puede estar influenciado por el enojo y la traici├│n.', 15),
(91, 'Puede caer en el resentimiento y la avaricia.', 15),
(92, 'Es desconfiado y sorpresivo.', 15),
(93, 'Puede tener un temperamento fuerte.', 16),
(94, 'Propenso al suicidio.', 16),
(95, 'Puede sufrir mucho al no cumplir con sus obligaciones con la Madre Naturaleza.', 16),
(96, 'Puede tener tendencias a la mentira y a la infidelidad con su pareja.', 16),
(97, 'Puede hacer el mal con su pensamiento', 17),
(98, 'Tiene un car├ícter fuerte', 17),
(99, 'Pueden ser muy compulsivos', 17),
(100, 'Les gusta la popularidad y el poder', 17),
(101, 'Podr├¡an ser autocr├íticos, manipuladores etc.', 17),
(102, 'Les gusta la comodidad', 17),
(103, 'Son muy reservados', 17),
(104, 'Autoritarios', 17),
(105, 'Suelen ser exigentes', 17),
(106, 'Les gusta hundir y aplastar a las personas.', 17),
(107, 'Podr├¡an ser necios', 17),
(108, 'Padecen de dolor de cabeza, resfriados', 18),
(109, 'Podr├¡an destruir su propio hogar', 18),
(110, 'Incr├®dulos', 18),
(111, 'Creen en su imaginaci├│n', 18),
(112, 'Regularmente son nerviosos', 18),
(113, 'Pueden ser cobardes', 18),
(114, 'Autodestructivos', 18),
(115, 'Evitan las grandes responsabilidades', 18),
(116, 'Propensos a adquirir vicios relacionados con estimulantes', 18),
(117, 'Muy agresivos, enojados', 18),
(118, 'A veces son obsesivos, compulsivos', 18),
(119, 'Llegan a donde no son llamados', 18),
(120, 'Orgullosos', 18),
(121, 'Suelen ser ego├¡stas', 18),
(122, 'Puede sufrir enfermedades.', 19),
(123, 'Puede caer en la miseria.', 19),
(124, 'Puede tener inestabilidad mental.', 19),
(125, 'Puede estar expuesto a accidentes.', 19),
(126, 'Puede caer en el orgullo y la vanidad.', 19),
(127, 'Vicioso y orgulloso', 19),
(128, 'Puede resultar vicioso e infiel.', 20),
(129, 'Puede caer en la mentira', 20),
(130, 'Puede tener mucha tendencia sexual.', 20),
(131, 'Puede resultar con temperamento fuerte.', 20);

-- --------------------------------------------------------

--
-- Table structure for table `edicion`
--

CREATE TABLE `edicion` (
  `id` int(11) NOT NULL,
  `username` varchar(35) NOT NULL,
  `idHechoHistorico` int(11) NOT NULL,
  `fecha` date NOT NULL,
  `creacion` tinyint(1) NOT NULL
) ENGINE=InnoDB DEFAULT CHARSET=utf8;

--
-- Dumping data for table `edicion`
--

INSERT INTO `edicion` (`id`, `username`, `idHechoHistorico`, `fecha`, `creacion`) VALUES
(109, 'admin', 20, '2021-03-04', 1),
(117, 'admin', 28, '2021-03-04', 1),
(118, 'admin', 29, '2021-03-04', 1),
(119, 'admin', 28, '2021-03-04', 1);

-- --------------------------------------------------------

--
-- Table structure for table `energia`
--

CREATE TABLE `energia` (
  `id` int(11) NOT NULL,
  `nombre` varchar(15) NOT NULL,
  `idImagen` int(11) DEFAULT NULL,
  `dirWeb` varchar(45) DEFAULT NULL
) ENGINE=InnoDB DEFAULT CHARSET=utf8;

--
-- Dumping data for table `energia`
--

INSERT INTO `energia` (`id`, `nombre`, `idImagen`, `dirWeb`) VALUES
(1, 'HUN', NULL, './src/com/imagenesNumerosMayas/numero1.jpg'),
(2, 'KA', NULL, './src/com/imagenesNumerosMayas/numero2.jpg'),
(3, 'OX', NULL, './src/com/imagenesNumerosMayas/numero3.jpg'),
(4, 'KAN', NULL, './src/com/imagenesNumerosMayas/numero4.jpg'),
(5, 'HO', NULL, './src/com/imagenesNumerosMayas/numero5.jpg'),
(6, 'UAK', NULL, './src/com/imagenesNumerosMayas/numero6.jpg'),
(7, 'UUK', NULL, './src/com/imagenesNumerosMayas/numero7.jpg'),
(8, 'UAXAC', NULL, './src/com/imagenesNumerosMayas/numero8.jpg'),
(9, 'BOLON', NULL, './src/com/imagenesNumerosMayas/numero9.jpg'),
(10, 'LAHUN', NULL, './src/com/imagenesNumerosMayas/numero10.jpg'),
(11, 'BULUC', NULL, './src/com/imagenesNumerosMayas/numero11.jpg'),
(12, 'LAHAT', NULL, './src/com/imagenesNumerosMayas/numero12.jpg'),
(13, 'OXLAHUN', NULL, './src/com/imagenesNumerosMayas/numero13.jpg');

-- --------------------------------------------------------

--
-- Table structure for table `fortaleza`
--

CREATE TABLE `fortaleza` (
  `id` int(11) NOT NULL,
  `fortaleza` varchar(150) NOT NULL,
  `idNahual` int(11) NOT NULL
) ENGINE=InnoDB DEFAULT CHARSET=utf8mb4 COLLATE=utf8mb4_0900_ai_ci;

--
-- Dumping data for table `fortaleza`
--

INSERT INTO `fortaleza` (`id`, `fortaleza`, `idNahual`) VALUES
(65, 'Inteligente, astuto', 1),
(66, 'Amable', 1),
(67, 'Reservado', 1),
(68, 'Suelen imitar lo que ven', 1),
(69, 'Tienen buenas se├▒ales', 1),
(70, 'Adinerados (Ricos)', 1),
(71, 'Maestros de todas las artes', 1),
(72, 'Es amable y trabajador', 2),
(73, 'Es guia y consejero', 2),
(74, 'Es cari├▒oso y alegre', 2),
(75, 'Es viajero y puede ser comerciante', 2),
(76, 'Afortunado, decidido, comprensivo', 2),
(77, 'Cuidadoso con las cosas', 2),
(78, 'Autoridad', 3),
(79, 'Inteligente', 3),
(80, 'Estricto', 3),
(81, 'Es respetado por sus amigos', 3),
(82, 'Principios solidos en el terreno moral y etico', 3),
(83, 'Atraido por la religi├│n o los estudios filosoficos y teologicos', 3),
(84, 'Trabajador', 3),
(85, 'Bromista', 3),
(86, 'Es paciente, fuerte, responsable, valiente, respetuoso, vigoroso y atrevido', 4),
(87, 'Es decisivo y realista', 4),
(88, 'Es de buen corazon', 4),
(89, 'Buen padre de familia', 4),
(90, 'Puede ser lider y famoso si sabe encauzar sus energias', 4),
(91, 'Es bueno para el negocio', 5),
(92, 'Es mensajero, paciente y amable', 5),
(93, 'De buen temperamento', 5),
(94, 'Tiene habilidad para el analisis y es buen observador', 5),
(95, 'Desarrolla mejor su inteligencia', 5),
(96, 'Puede tener dotes para la prediccion de las cosas', 5),
(97, 'Puede ser afortunado en lo material', 5),
(98, 'Puede tener bien desarrollado la parte espiritual', 5),
(99, 'Posee sabiduria, inteligencia', 6),
(100, 'Buena memoria', 6),
(101, 'Muy valiente', 6),
(102, 'Se les facilita el dialogo', 6),
(103, 'Prudente, discreto', 6),
(104, 'Buenos maestros y consejeros', 6),
(105, 'Muy sociable', 6),
(106, 'Es profundo', 6),
(107, 'Es serio', 6),
(108, 'Realista', 6),
(109, 'Predicador', 6),
(110, 'Comunicativo', 6),
(111, 'Es poseedor de muchos conocimientos', 7),
(112, 'Es inteligente y es consejero', 7),
(113, 'Puede llegar a ser cientifico', 7),
(114, 'Es ordenado y creativo', 7),
(115, 'Es justo y humanista', 7),
(116, 'Es buen estudiante', 7),
(117, 'Puede llegar a ser buen lider', 7),
(118, 'Es protector de la justicia', 8),
(119, 'Es fuerte y servicial', 8),
(120, 'Es incansable por lo que quiere lograr', 8),
(121, 'Puede llegar a ser guia espiritual', 8),
(122, 'Posee la habilidad para arreglar fracturas en los huesos', 8),
(123, 'Se puede defender muy bien ante cualquier problema', 8),
(124, 'Es equilibrado y cari├▒oso', 9),
(125, 'Vive y trabaja por su familia', 9),
(126, 'Si es mujer puede ser comadrona', 9),
(127, 'puede llegar a ser guia espiritual', 9),
(128, 'Es buen comunicador y expositor', 9),
(129, 'Puede desarrollar mejor la inteligencia', 10),
(130, 'Puede tener dotes de artista', 10),
(131, 'Es alegre', 10),
(132, 'Se defiende muy bien', 10),
(133, 'Puede llegar a ser guia espiritual', 10),
(134, 'Es bueno para la caceria', 10),
(135, 'Puede desarrollar la clarividencia', 11),
(136, 'Puede captar los mensajes y se├▒ales de la naturaleza', 11),
(137, 'Puede desarrollar con mayor grado su hemisferio izquierdo', 11),
(138, 'Puede tener buenas iniciativas', 11),
(139, 'Puede adaptarse a cualquier situacion', 12),
(140, 'Posee fuerza fisica', 12),
(141, 'Es so├▒ador e imaginativo', 12),
(142, 'Puede tener ideas futuristas', 12),
(143, 'No asusta casi nada', 12),
(144, 'Es madrugador, alegre y sereno', 13),
(145, 'Puede tener buen caracter', 13),
(146, 'Puede tener dotes para tratar enfermedades', 13),
(147, 'Puede ser guia espiritual', 13),
(148, 'Son fuertes, dinamicos y astutos', 13),
(149, 'Puede tener seguridad mental y fisica', 13),
(150, 'Persona sincera y ordenada.', 14),
(151, 'Puede ser l├¡der.', 14),
(152, 'Puede ser una persona muy afortunada en lo econ├│mico.', 14),
(153, 'Puede ser Gu├¡a Espiritual.', 14),
(154, 'Persona muy activa y curiosa.', 14),
(155, 'Puede recordar las cosas facilidad.', 14),
(156, 'Puede ser muy tajante en su decisi├│n.', 14),
(157, 'Persona con mucho conocimiento.', 15),
(158, 'Puede tener mucha habilidad para la intuici├│n.', 15),
(159, 'Muy inteligente.', 15),
(160, 'Practica la sinceridad y la justicia.', 15),
(161, 'Puede llegar a ser l├¡der.', 15),
(162, 'Puede tener habilidad para los pron├│sticos y la clarividencia.', 15),
(163, 'Puede ser Gu├¡a Espiritual.', 15),
(164, 'Es humilde.', 15),
(165, 'Puede ser m├®dico.', 16),
(166, 'Es fuerte ante sus enemigos.', 16),
(167, 'Es inteligente, respetuoso y seguro.', 16),
(168, 'Puede controlarse.', 16),
(169, 'Puede desarrollar habilidades para la clarividencia.', 16),
(170, 'Buenos defensores', 17),
(171, 'Poseen riquezas', 17),
(172, 'Gozan de buena salud', 17),
(173, 'Son buenos gu├¡as espirituales', 17),
(174, 'Son muy sociables', 17),
(175, 'Son fuertes, inteligentes, responsables, positivos y triunfadores.', 17),
(176, 'En el matrimonio son muy equilibrados', 17),
(177, 'Afortunados en las siembras o crianza de animales', 18),
(178, 'Muy f├®rtiles en tener hijos', 18),
(179, 'Son buenos comerciantes', 18),
(180, 'suelen tener Signos de intensa energ├¡a en su cuerpo', 18),
(181, 'Extremadamente inteligentes', 18),
(182, 'Les gusta hablar, debatir, leer, escribir', 18),
(183, 'Aficionados al ejercicio f├¡sico o la danza', 18),
(184, 'Mente compleja', 18),
(185, 'Se interesan de detalles', 18),
(186, 'De grandes virtudes.', 19),
(187, 'Es creativo, comunicativo y din├ímico.', 19),
(188, 'Practica la sinceridad.', 19),
(189, 'Es analista, imaginativo e intuitivo.', 19),
(190, 'De car├ícter abierta.', 19),
(191, 'Es rom├íntico.', 19),
(192, 'Atento, valiente, respetado, justo.', 20),
(193, 'Es defensor de otras personas.', 20),
(194, 'Es cordial.', 20),
(195, 'Logra lo que busca.', 20),
(196, 'Buen investigador y presiente las cosas o actos.', 20),
(197, 'Enamorado.', 20),
(198, 'Es el d├¡a de los abogados', 20);

-- --------------------------------------------------------

--
-- Table structure for table `hechohistorico`
--

CREATE TABLE `hechohistorico` (
  `id` int(11) NOT NULL,
  `fechaInicio` date NOT NULL,
  `fechaFinalizacion` date NOT NULL,
  `titulo` varchar(150) DEFAULT NULL,
  `descripcion` varchar(5000) DEFAULT NULL
) ENGINE=InnoDB DEFAULT CHARSET=utf8;

--
-- Dumping data for table `hechohistorico`
--

INSERT INTO `hechohistorico` (`id`, `fechaInicio`, `fechaFinalizacion`, `titulo`, `descripcion`) VALUES
(20, '1027-05-02', '1027-05-03', 'Comienza la Liga de Mayapán', 'Con el nombre de Liga de Mayapán se designa una legendaria alianza de estados mayas del período posclásico mesoamericano. La alianza es mencionada por varias crónicas mayas que fueron escritas en los tiempos de la colonia española. Según estas crónicas, la Liga de Mayapán habría surgido de un acuerdo de paz entre los estados mayas centrados en Uxmal, Chichén Itzá y Mayapán.'),
(28, '1194-11-22', '1194-11-23', 'Complot de Hunac Ceel', ' Hunac Ceel Cauich (siglo XII d.C. ​) Jefe de los mayas cocomes de Mayapán. Hunac significa \"el grande o por excelencia\", \"Ceel\" apócope de \"ceelem\" que significa \"joven hermoso\", es decir \"el que es joven y hermoso por excelencia\". Cauich es un apódo o \"coco kaba\" , \"Ca\" significa \"doble\", \"uich\" significa \"cara\", es decir \"el de dos caras\".'),
(29, '1007-04-15', '1007-05-15', 'Fundación de la aldea Uxmal', 'Al sur de Yucatán emerge con espectacularidad la zona arqueológica de Uxmal, declarada por la UNESCO Patrimonio de la Humanidad. Es una de las zonas arqueológicas de la cultura maya cuya arquitectura es de las más majestuosas de Yucatán. Su belleza se caracteriza por tener palacios bajos y horizontales, colocados alrededor de patios o cuadrángulos, los cuales son ricos en decorados de esculturas muy detalladas elaborados con miles de pequeñas piedras perfectamente pulidas y ajustadas formando mosaicos geométricos de una perfección no igualada en toda la zona maya.');

-- --------------------------------------------------------

--
-- Table structure for table `informacion`
--

CREATE TABLE `informacion` (
  `id` int(11) NOT NULL,
  `titulo` varchar(50) NOT NULL,
  `descripcionEscritorio` varchar(5000) DEFAULT NULL,
  `descripcionWeb` varchar(5000) DEFAULT NULL
) ENGINE=InnoDB DEFAULT CHARSET=utf8;

--
-- Dumping data for table `informacion`
--

INSERT INTO `informacion` (`id`, `titulo`, `descripcionEscritorio`, `descripcionWeb`) VALUES
(1, 'inf_haab_escritorio', 'El Haab, es el más similar al calendario que utilizamos en la actualidad con 365 días en su recuento que se basa en observaciones solares. Este calendario, según los expertos, se estima que se utilizó por primera vez alrededor del solsticio de invierno de 550 ANE y fue creado para ser utilizado en conjunto con el Tzolkin.', NULL),
(2, 'inf_kin_haab_escritorio', 'El Kin es el equivalente a los días del mes, pero en lugar de 30 o 31 días, se necesitan 20 para formar un uinal (mes maya). Cada uno cuenta con su representación en jeroglífico junto con su nombre individual que no es el nombre de un número regular.', NULL),
(3, 'inf_uinal_haab_escritorio', 'El uinal se puede ver como el equivalente a nuestros meses ya que constan de 20 días, pero en lugar de 12 de ellos, el calendario Haab Maya cuenta con 18 de ellos. Los uinales, a parte de contar el tiempo se utilizaban para realizar ciertas actividades.', NULL);

-- --------------------------------------------------------

--
-- Table structure for table `nahual`
--

CREATE TABLE `nahual` (
  `id` int(11) NOT NULL,
  `nombre` varchar(35) DEFAULT NULL,
  `fechaInicio` date NOT NULL,
  `fechaFinalizacion` date NOT NULL,
  `idImagen` int(11) DEFAULT NULL,
  `significado` varchar(100) DEFAULT NULL,
  `descripcion` varchar(5000) DEFAULT NULL,
  `nombreSp` varchar(35) DEFAULT NULL,
  `nombreYucateco` varchar(35) DEFAULT NULL,
  `texto_web` text
) ENGINE=InnoDB DEFAULT CHARSET=utf8;

--
-- Dumping data for table `nahual`
--

INSERT INTO `nahual` (`id`, `nombre`, `fechaInicio`, `fechaFinalizacion`, `idImagen`, `significado`, `descripcion`, `nombreSp`, `nombreYucateco`, `texto_web`) VALUES
(1, 'B\'atz', '0001-01-01', '0001-01-01', 1, 'HILO, EL D├ìA DEL PRINCIPIO DE LA ENERG├ìA, DEL TIEMPO Y DEL ESPACIO.', 'El s├¡mbolo del hombre y de la humanidad, de la realizaci├│n del hombre. S├¡mbolo de continuidad con el pasado, como se ha englobado dentro del ritual. ÔÇ£Un buen d├¡a, de la perpetraci├│n de las ceremonias y costumbres de nuestros antepasados. Es el d├¡a en que se realiza aquella parte del matrimonio en que se pide la novia, y el casamiento cuarenta d├¡as despu├®s, en un d├¡a BÔÇÖatzÔÇÖ con un n├║mero m├ís alto. En 8 BÔÇÖatzÔÇÖ se presenta p├║blicamente el aprendiz de sacerdote maya, y cuarenta d├¡as despu├®s se realiza el agradecimiento. Simboliza el tiempo. Nuestros antepasados, los mayas representaron el tiempo imagin├índolo como un hilo enrollado a un carrizo que se encuentra debajo de la tierra. Este hilo se va desenrollando a medida que el tiempo pasa. La historia se teje con el tiempo, as├¡ como el hilo teje los vestidos. El ciclo Nuevo Maya, WajxaqibÔÇÖ BÔÇÖatzÔÇÖ, en la ceremonia se ameniza con marimba y se baila alrededor del fuego. El BÔÇÖatzÔÇÖ amarra y desata. Se le dice BÔÇÖatzÔÇÖ porque gira. Y es el talento del ser humano.', 'Mono', 'Chuwen', '<hr>\n  <p>\n    <strong>Características:</strong>  Es el símbolo del hombre y de la humanidad, de la realización del hombre.\n  </p>\n  <p>\n    Símbolo de continuidad con el pasado, como se ha englobado dentro del ritual. “Un buen día,  de la perpetración de las  ceremonias y costumbres de nuestros antepasados.\n  </p>\n  <p>\n    Es el día  en  que se realiza aquella parte del matrimonio en que se pide la novia, y el casamiento cuarenta días después, en un día B’atz’ con un número más alto.\n    En 8 B’atz’ se presenta públicamente el aprendiz de sacerdote maya, y cuarenta días después se realiza el agradecimiento.\n  </p>\n  <p>\n    Simboliza el tiempo.  Nuestros antepasados, los mayas representaron el tiempo imaginándolo como un hilo enrollado a un carrizo que se encuentra debajo de la tierra.\n    Este hilo se va desenrollando a medida que el tiempo pasa. La  historia se teje con el tiempo, así como el hilo  teje los vestidos. El ciclo Nuevo Maya,\n    Wajxaqib’ B’atz’, en la ceremonia se ameniza con marimba y se baila alrededor del fuego.  El  B’atz’ amarra y desata.  Se le dice B’atz’ porque gira.   Y es el talento del ser humano.\n  </p>\n  <p>\n    <strong>Significa:</strong>\n  </p>\n  <ul>\n    <li>Enlace matrimonial</li>\n    <li> Mono, hilo, amarrador</li>\n    <li> El tiempo. desarrollo de la evolución  humana, dándonos la vida</li>\n    <li> Nawal de medidor del tiempo y de toda clase de tejidos</li>\n    <li> Es un buen día para recibir el destino como sacerdote Maya</li>\n    <li> Orador, escultor, tallador y artista, música, flauta, deporte y siembra.</li>\n  </ul>\n  <p><strong>Significado Clave:</strong> La representación y el talento artístico</p>\n  <p>\n    <strong>Fortalezas:</strong>\n  </p>\n  <ul>\n    <li> Inteligente, astuto </li>\n    <li> Amable</li>\n    <li> Reservado </li>\n    <li> Suelen imitar lo que ven</li>\n    <li> Tienen buenas señales</li>\n    <li> Adinerados (Ricos)</li>\n    <li> Maestros de todas las artes</li>\n  </ul>\n  <p>\n    <strong>Debilidades:</strong>\n  </p>\n  <ul>\n    <li> Inseguro </li>\n    <li> Haragán</li>\n    <li> Enojado, agresivo </li>\n    <li> Envidioso, calumniador</li>\n    <li> Mala imaginación, incrédulo</li>\n    <li> Ambicioso de cualquier cosa </li>\n    <li> Débil de voluntad</li>\n  </ul>'),
(2, 'E', '0001-01-01', '0001-01-01', 2, 'CAMINO, EL D├ìA DEL CAMINO SAGRADO, EL D├ìA DE LA ACCI├ôN.', 'Simboliza el camino y el destino. Es el gu├¡a. Es el que nos lleva a un punto fijo. Uno de los Cargadores del Tiempo. Es la protecci├│n de los viajeros y caminantes. Conduce la vida espiritual y material. Es el que hace posible la realizaci├│n humana en todos los ├│rdenes y en todas las manifestaciones. Pero tambi├®n puede simbolizar los obst├ículos con que los seres humanos se tropiezan en la continua b├║squeda de esa realizaci├│n. Es un d├¡a bueno para desplazarse en cualquier lugar. En caso de peligro, el Ajaw E es el que da la protecci├│n. Tambi├®n es d├¡a bueno para agradecer el bienestar f├¡sico, la vida misma de las personas y el trabajo. Es un d├¡a muy sagrado. Por esta raz├│n, se puede pedir su protecci├│n, como dice el Popol Wuj ÔÇ£que no se caigan en la bajada ni en la subida del camino. Que no encuentren obst├ículos ni detr├ís ni delante de ellos, ni cosa que los golpee. Conc├®deles buenos caminos, hermosos caminos planosÔÇªÔÇØ. Es el viaje, la traves├¡a y el trayecto. Se ofrecen ceremonias o invocaciones para que limpie el camino de los peligros y de los accidentes.', 'Camino', 'Eb\'', '<hr>\n  <p>\n    <strong>Características:</strong>\n    Simboliza el camino y el destino. Es el guía. Es el que nos lleva a un punto fijo. Uno de los Cargadores del Tiempo. Es la protección de los viajeros y caminantes. Conduce la vida espiritual y material.\n  </p>\n  <p>\n    Es el que hace posible la realización humana en todos los órdenes y en todas las manifestaciones.\n    Pero también puede simbolizar los obstáculos con que los seres humanos se tropiezan en la continua búsqueda de esa realización.\n  </p>\n  <p>\n    Es un día bueno para desplazarse en cualquier lugar. En caso de peligro, el Ajaw E es el que da la protección.\n    También es día bueno para agradecer el bienestar físico, la vida misma de las personas y el trabajo. Es un día muy sagrado.\n    Por esta razón, se puede pedir su protección, como dice el Popol Wuj “que no se caigan en la bajada ni en la subida del camino.\n    Que no encuentren obstáculos ni detrás ni delante de ellos, ni cosa que los golpee. Concédeles buenos caminos, hermosos caminos planos…”.\n  </p>\n  <p>\n    Es el viaje, la travesía y el trayecto.  Se ofrecen ceremonias o invocaciones para que limpie el camino de los peligros y de los accidentes.\n  </p>\n  <p>\n    <strong>Funcion Espiritual:</strong>\n  </p>\n  <ul>\n    <li> Protección ante las tentaciones</li>\n    <li> Protección ante los peligros del camino</li>\n    <li> Día para iniciar un proyecto</li>\n    <li> Día de protección de los pilotos</li>\n    <li> Día para encauzar mejor el destino</li>\n  </ul>\n  <p><strong>Su origen:</strong> K\'at <strong>destino:</strong> Ajpu</p>\n  <p>\n    <strong>Fortalezas:</strong>\n  </p>\n  <ul>\n    <li> Es amable y trabajador</li>\n    <li> Es guía y consejero</li>\n    <li> Es cariñoso y alegre </li>\n    <li> Es viajero y puede ser comerciante</li>\n    <li> Afortunado, decidido, comprensivo</li>\n    <li> Cuidadoso en las cosas</li>\n  </ul>\n  <p>\n    <strong>Debilidades:</strong>\n  </p>\n  <ul>\n    <li> Desconfiado e inseguro</li>\n    <li> Algunas veces se puede resentir</li>\n    <li> Es variable con su carácter</li>\n    <li> Es nervioso y frágil</li>\n    <li> Impaciente en algunas ocasiones</li>\n  </ul>'),
(3, 'Aj', '0001-01-01', '0001-01-01', 3, 'CA├æA Y MILPA ES El D├ìA DE LA ABUNDANCIA Y LA MULTIPLICACI├ôN.', 'Simboliza ca├▒a veral y milpa. Todo lo que se relaciona al hogar y la familia. Es el s├¡mbolo que dej├│ Jun Ajpu IxbÔÇÖalamkej de su vida, cuando sembr├│ la ca├▒a en medio del patio de la casa de la abuela Ixmukane. Aj es s├¡mbolo de la resurrecci├│n de Jun Ajpu e IxbÔÇÖalamkej, quienes no murieron en manos de los se├▒ores de XibÔÇÖalbÔÇÖa. Es el triunfo del bien sobre el mal. Es el destino representado por el Nawal o los Nawales. 8 Aj es el d├¡a en el cual se establece el destino de uno, para llamarlo y reconocerlo. tambi├®n es elote, ma├¡z tierno. D├¡a relacionado con todo lo que concierne a los ni├▒os. Es d├¡a bueno y sobre todo para rezar por las criaturas. Tambi├®n es el d├¡a de la enfermedad debilidad en el tejido ├│seo, pero de mucha energ├¡a espiritual. Es el hogar, la casa, todo lo que se relaciona con la casa. Los que nacen en Aj pueden ser sacerdotes mayas.', 'Hogar', 'B\'en', '<hr>\n  <p>\n    <strong>Características:</strong>\n    Simboliza caña veral y milpa. Todo lo que se relaciona al hogar y la familia. Es el símbolo que dejó Jun Ajpu Ixb’alamkej de su vida,\n    cuando sembró la caña en medio del patio de la casa de la abuela Ixmukane. Aj es símbolo de la resurrección de Jun Ajpu e Ixb’alamkej,\n    quienes no murieron en manos de los señores de Xib’alb’a. Es el triunfo del bien sobre el mal.\n  </p>\n  <p>\n    Es el destino representado por el Nawal o los Nawales. 8 Aj es el día en el cual se establece el destino de uno, para llamarlo y reconocerlo.\n  </p>\n  <p>\n    también es elote, maíz tierno.  Día relacionado con todo lo que concierne a los niños.\n    Es día bueno y sobre todo para rezar por las criaturas.\n  </p>\n  <p>\n    También es el día de la enfermedad debilidad en el tejido óseo, pero de mucha energía espiritual.\n    Es el hogar, la casa, todo lo que se relaciona con la casa. Los que nacen en Aj pueden ser sacerdotes mayas.\n  </p>\n  <p>\n    <strong>Funcion Espiritual:</strong>\n  </p>\n  <ul>\n    <li> El hogar y la familia de todas las generaciones tiernas; 8 Aj se celebra el día del niño.</li>\n    <li> El bastón del poder de las virtudes divinas, sensatez, la palabra sagrada.</li>\n    <li> Caña, símbolo que dejó Jun Ajpu Ixbalanke de su vida, cuando sembró la caña en el patio, dueño del Hogar, y ternura.</li>\n    <li> Nawal de las artes.</li>\n  </ul>\n  <p><strong>Significado Clave:</strong> La integridad de la fe</p>\n  <p>\n    <strong>Fortalezas:</strong>\n  </p>\n  <ul>\n    <li> Autoridad</li>\n    <li> Inteligente</li>\n    <li> Estricto</li>\n    <li> Es respetado por sus amigos</li>\n    <li> Principios sólidos en el terreno moral y ético</li>\n    <li> Atraído por la religión o los estudios filosóficos y teológicos</li>\n    <li> Trabajador</li>\n    <li> Bromista</li>\n  </ul>\n  <p>\n    <strong>Debilidades:</strong>\n  </p>\n  <ul>\n    <li> Regaña</li>\n    <li> Celoso</li>\n    <li> Nervioso</li>\n    <li> Expuesto  a discutir y  juzgar</li>\n    <li> Hace lo que le plazca</li>\n    <li> Extremista, no es de moderación</li>\n    <li> Hace bromas pesadas</li>\n    <li> No es constante en la fe</li>\n    <li> Variable</li>\n    <li> Sufre con frecuencia, se enferma en la niñez</li>\n    <li> Alcohólico</li>\n    <li> Destructor</li>\n    <li> Una vida variable, de dolor</li>\n    <li> tristeza y alegría</li>\n  </ul>'),
(4, 'I\'x', '0001-01-01', '0001-01-01', 4, 'MUJER Y JAGUAR, EL DIA DE LA MADRE TIERRA, LA MADRE NATURALEZA Y LA LUNA.', 'Es el s├¡mbolo y energ├¡a de la Madre Tierra. Representa los lugares o centros ceremoniales donde se llevan a cabo las ceremonias. Son los cerros, las monta├▒as, las planicies. Significa Jaguar. Representa el altar maya o sea el tabÔÇÖal. Es un d├¡a especial para pedir la vida de los animales tanto dom├®sticos como salvajes. Se le pide a Ajaw una buena cosecha de cualquier cultivo, en especial el de las verduras. En este d├¡a se encienden candelas de color verde, ya que simbolizan el color de la Madre Tierra. Representa el altar maya o sea el tabÔÇÖal. Es un d├¡a especial para pedir la vida de los animales tanto dom├®sticos como salvajes. Se le pide a Ajaw una buena cosecha de cualquier cultivo, en especial el de las verduras. En este d├¡a se encienden candelas de color verde, ya que simbolizan el color de la Madre Tierra.', 'Madre Tierra', 'Ix', '<hr>\n  <p>\n    <strong>Características:</strong>\n    Es el símbolo y energía de la Madre Tierra. Representa los lugares o centros ceremoniales donde se llevan a cabo las ceremonias.\n    Son los cerros, las montañas, las planicies. Significa Jaguar.\n  </p>\n  <p>\n    Representa el altar maya o sea el tab’al. Es un día especial para pedir la vida de los animales tanto domésticos como salvajes.\n    Se le pide a Ajaw una buena cosecha de cualquier cultivo, en especial el de las verduras.\n    En este día se encienden candelas de color verde, ya que simbolizan el color de la Madre Tierra.\n  </p>\n  <p>\n    Representa el altar maya o sea el tab’al. Es un día especial para pedir la vida de los animales tanto domésticos como salvajes.\n    Se le pide a Ajaw una buena cosecha de cualquier cultivo, en especial el de las verduras. En este día se encienden\n    candelas de color verde, ya que simbolizan el color de la Madre Tierra.\n  </p>\n  <p>\n    <strong>Funcion Espiritual:</strong>\n  </p>\n  <ul>\n    <li> Propicia energía espiritual y física.</li>\n    <li> Invocación por la lluvia.</li>\n    <li> Invocación por la vida de los animales.</li>\n    <li> Día de invocación por la salud de toda la humanidad.</li>\n    <li> Día para realizar invocaciones para que las siembras estén protegidas de los animales.</li>\n  </ul>\n  <p><strong>Su origen:</strong> Keme <strong>destino:</strong> Iq\'</p>\n  <p>\n    <strong>Fortalezas:</strong>\n  </p>\n  <ul>\n    <li> Es paciente, fuerte, responsable, valiente, respetuoso, vigoroso y atrevido.</li>\n    <li> Es decisivo y realista.</li>\n    <li> Es de buen corazón.</li>\n    <li> Buen padre de familia.</li>\n    <li> Puede ser líder y famoso si sabe encauzar sus energías.</li>\n  </ul>\n  <p>\n    <strong>Debilidades:</strong>\n  </p>\n  <ul>\n    <li> Puede llegar a tener un carácter fuerte.</li>\n    <li> Algunas veces se enoja y se impacienta.</li>\n    <li> Su carácter le puede hacer prepotente, orgulloso, colérico, serio y vengativo.</li>\n  </ul>'),
(5, 'Tz\'ikin', '0001-01-01', '0001-01-01', 5, 'AGUILA, El D├ìA DE LA RIQUEZA Y LA BUENA FORTUNA, EL D├ìA DE LA VISI├ôN.', 'Significa p├íjaro. Es el s├¡mbolo de la suerte, la fortuna y los bienes materiales. Tambi├®n es s├¡mbolo de libertad y es el nawal de las aves. Simboliza el p├íjaro sagrado QÔÇÖuqÔÇÖumatz. Este d├¡a es propicio para pedir por la abundancia de los bienes como el dinero. Se quema el ajonjol├¡ y el chocolate como ofrendas a Ajaw. Se encienden candelas de colmena pura y se le pide a Ajaw un buen negocio. TzÔÇÖikin significa p├íjaro y simboliza la intermediaci├│n entre los seres humanos y Ajaw, representado por todo lo que hay en el espacio: el aire, las nubes, el fr├¡o y el calor. Son fuerzas invisibles, pero que El Coraz├│n del Cielo y El Coraz├│n de la Tierra las ha puesto a nuestro servicio y protecci├│n. Tambi├®n es un d├¡a de desarrollo espiritual y, por tanto, de la plena realizaci├│n humana. Es el d├¡a para agradecer los bienes materiales principalmente lo relacionado a dinero. Sin embargo, al no agradecer estos favores tambi├®n puede traer la miseria.', 'Pajaro', 'Men', '<hr>\n  <p>\n    <strong>Características:</strong>\n    Significa pájaro. Es el símbolo de la suerte, la fortuna y los bienes materiales. También es símbolo de libertad y es el nawal de las aves.\n  </p>\n  <p>\n    Simboliza el pájaro sagrado Q’uq’umatz. Este día es propicio para pedir por la abundancia de los bienes como el dinero.\n    Se quema el ajonjolí y el chocolate como ofrendas a Ajaw. Se encienden candelas de colmena pura y se le pide a Ajaw un buen negocio.\n    Tz’ikin significa pájaro y simboliza la intermediación entre los seres humanos y Ajaw, representado por todo lo que hay en el espacio:\n    el aire, las nubes, el frío y el calor. Son fuerzas invisibles, pero que El Corazón del Cielo y El Corazón de la Tierra las ha puesto\n    a nuestro servicio y protección.\n  </p>\n  <p>\n    También es un día de desarrollo espiritual y, por tanto, de  la plena realización humana.\n    Es el día para agradecer los bienes materiales principalmente lo relacionado a dinero.\n    Sin embargo, al no agradecer estos favores también puede traer la miseria.\n  </p>\n  <p>\n    <strong>Funcion Espiritual:</strong>\n  </p>\n  <ul>\n    <li> Agradecimiento por los bienes materiales, principalmente lo del dinero.</li>\n    <li> Propicia buena suerte en el negocio.</li>\n    <li> Día de invocación porque las aves no molesten los sembradíos.</li>\n    <li> Día para la protección del negocio.</li>\n    <li> Día para realizar invocaciones para que las siembras estén protegidas de los animales.</li>\n  </ul>\n  <p><strong>Su origen:</strong> Kej <strong>destino:</strong> Aq\'ab\'al</p>\n  <p>\n    <strong>Fortalezas:</strong>\n  </p>\n  <ul>\n    <li> Es bueno para el negocio.</li>\n    <li> Es mensajero, paciente y amable.</li>\n    <li> De buen temperamento.</li>\n    <li> Tiene habilidad para el análisis y es buen observador.</li>\n    <li> Desarrolla mejor su inteligencia.</li>\n    <li> Puede tener dotes para la predicción de las cosas.</li>\n    <li> Puede ser afortunado en lo material.</li>\n    <li> Puede tener bien desarrollado la parte espiritual.</li>\n  </ul>\n  <p>\n    <strong>Debilidades:</strong>\n  </p>\n  <ul>\n    <li> Envidia</li>\n    <li> Infidelidad</li>\n    <li> Avaricia</li>\n    <li> Tacañería</li>\n    <li> En algún vicio</li>\n  </ul>'),
(6, 'Ajmaq', '0001-01-01', '0001-01-01', 6, 'PECADO, ES EL D├ìA PARA DAR Y PEDIR PERD├ôN POR TODOS LOS PECADOS ANTE EL AJAW.', 'Esta palabra significa pecador en KÔÇÖicheÔÇÖ. Es el d├¡a de los pecadores. Este d├¡a se dedica a pedir perd├│n por los pecados y por los pecadores. Es el d├¡a dedicado a los difuntos. El pecado es una columna de humo que nos oculta delante de la presencia de Dios. Nuestros antepasados dijieron: ÔÇ£que el pecado es la ofensa que se hace directamente a Dios. No creer, no servir, no alabar al Coraz├│n del Cielo, al coraz├│n de la Tierra. Mak es ofensa a Dios y WuqubÔÇÖ qakÔÇÖix es ofensa al pr├│jimoÔÇØ Es el d├¡a de los que no podemos ver, el d├¡a de los difuntos. El d├¡a de la fortaleza que nos da la historia de nuestro pasado. Tambi├®n es el d├¡a del castigo cuando no estamos actuando en concordancia con las ense├▒anzas que ellos nos legaron. Es el d├¡a del enojo de los difuntos. (BEA) ÔÇ£Ajmaq no es un mal d├¡a. Es un d├¡a para pedir perd├│n por los pecados. Son los d├¡as en los cuales se reza por protecci├│n, ya que de estos d├¡as puede venirle a uno, da├▒o por sus pecados o sus malos pensamientos. es la muerte en casa, la muerte natural por enfermedad, la muerte tranquila. En ese d├¡a se habla con los difuntos, es para pedir perd├│n en el caso de los pecadores.', 'Pecador', 'K\'iB\'', '<hr>\n  <p>\n    <strong>Características:</strong>\n    Esta palabra significa pecador en K’iche’.  Es el día de los pecadores.  Este día se dedica a pedir perdón por los pecados y por los pecadores.\n    Es el día dedicado a los difuntos.  El pecado es una columna de humo que nos oculta delante de la presencia de Dios.\n    Nuestros antepasados dijieron:  “que el pecado es la ofensa que se hace directamente a Dios.\n    No creer, no servir, no alabar al Corazón del Cielo, al corazón de la Tierra.  Mak es ofensa a Dios y Wuqub’ qak’ix  es ofensa al prójimo”\n  </p>\n  <p>\n    Es el día de los que no podemos ver, el día de los difuntos.  El día de la fortaleza que nos da la historia de nuestro pasado.\n    También es el día del castigo cuando no estamos actuando en concordancia con las enseñanzas que ellos nos legaron.  Es el día del enojo de los difuntos. (BEA)\n  </p>\n  <p>\n    “Ajmaq no es un mal día.  Es un día para pedir perdón por los pecados.\n    Son  los días en los cuales se reza por protección, ya que de estos días puede venirle a uno, daño por sus pecados o sus malos pensamientos.\n  </p>\n  <p>\n    es la muerte en casa, la muerte natural por enfermedad, la muerte tranquila.\n    En ese día se habla con los difuntos, es para pedir perdón en el caso de los pecadores.\n  </p>\n  <p>\n    <strong>Significa:</strong>\n  </p>\n  <ul>\n    <li> Purificar el espíritu de los muertos y vivos.</li>\n    <li> Día para conmemorar los difuntos.</li>\n    <li> Perdón para nuestros pecados.</li>\n  </ul>\n  <p><strong>Significado Clave:</strong> Autoridad y Estatus.</p>\n  <p>\n    <strong>Fortalezas:</strong>\n  </p>\n  <ul>\n    <li> Posee sabiduría, inteligencia</li>\n    <li> Buena memoria</li>\n    <li> Muy valiente</li>\n    <li> Se les facilita el diálogo</li>\n    <li> Prudente, discreto</li>\n    <li> Buenos maestros y consejeros</li>\n    <li> Muy sociable</li>\n    <li> Es profundo</li>\n    <li> Es serio</li>\n    <li> Realista</li>\n    <li> Predicador</li>\n    <li> Comunicativo</li>\n  </ul>\n  <p>\n    <strong>Debilidades:</strong>\n  </p>\n  <ul>\n    <li> Pecador</li>\n    <li> Enamorado</li>\n    <li> Alcohólico</li>\n    <li> Destructores de la herencia</li>\n    <li> Mentirosos</li>\n    <li> Afamados</li>\n    <li> Resentido</li>\n    <li> Ladrón</li>\n    <li> Adúltero</li>\n    <li> Fríos e insensibles</li>\n    <li> Minimizan los sentimientos de los demás</li>\n    <li> Interesados en la autoridad y posición social y política</li>\n  </ul>'),
(7, 'No\'j', '0001-01-01', '0001-01-01', 7, 'SABIDUR├ìA, ES EL D├ìA DEL CONOCIMIENTO Y LA INTELEGNECIA, EL D├ìA DE LA CIENCIA.', 'Es la sabidur├¡a y el conocimiento. Es el nawal de la inteligencia. Es el buen consejo, seg├║n los abuelos y abuelas. Es la sabidur├¡a que viene del Formador y Creador. Tambi├®n es uno de los Cargadores del Tiempo. D├¡a propicio para agradecer el conocimiento y pedir buenos pensamientos. El que nace bajo la influencia del NoÔÇÖj ser├í inteligente, activo y tendr├í buenos pensamientos, siempre y cuando sepa manejar las energ├¡as del d├¡a. Significa tambi├®n idea y sabidur├¡a. Seg├║n los mayas ning├║n hombre es sabio. Por eso, el hombre, para recibir ideas y consejos, debe consultar al Ajaw por medio del ÔÇ£xukulemÔÇØ o la ceremonia maya. Tambi├®n puede realizar dichas consultas por medio del tzÔÇÖiteÔÇÖ, mediante la intermediaci├│n del AjqÔÇÖij, para recibir los consejos de los abuelos y abuelas. Dentro de la espiritualidad maya, el hombre tiene ideas pero no sabidur├¡a. Por eso, es importante juntarse en consejo para unir ideas y formar as├¡ una ciencia. Nuestros antepasados se reun├¡an en consejo bajo la protecci├│n del NoÔÇÖj. es el d├¡a de la sabidur├¡a. Es el d├¡a para tomar decisiones de manera particular o en consejo. Es un d├¡a que propicia la planificaci├│n de alg├║n proyecto y de los lineamientos a seguir en la conducci├│n de la comunidad y de la sociedad en general. Tambi├®n es el d├¡a en que nuestro pensamiento puede tener mayor fluidez.', 'Sabiduria', 'Kab\'an', '<hr>\n  <p>\n    <strong>Características:</strong>\n    Es la sabiduría y el conocimiento. Es el nawal de la inteligencia. Es el buen consejo, según los abuelos y abuelas.\n    Es la sabiduría que viene del Formador y Creador. También es uno de los Cargadores del Tiempo.\n    Día propicio para agradecer el conocimiento y pedir buenos pensamientos.\n  </p>\n  <p>\n    El que nace bajo la influencia del No’j será inteligente, activo y tendrá buenos pensamientos, siempre y cuando sepa manejar las energías del día.\n    Significa también idea y sabiduría. Según los mayas ningún hombre es sabio. Por eso, el hombre, para recibir ideas y consejos,\n    debe consultar al Ajaw por medio del “xukulem” o la ceremonia maya. También puede realizar dichas consultas por medio del tz’ite’,\n    mediante la intermediación del Ajq’ij, para recibir los consejos de los abuelos y abuelas. Dentro de la espiritualidad maya,\n    el hombre tiene ideas pero no sabiduría. Por eso, es importante juntarse en consejo para unir ideas y formar así  una ciencia.\n    Nuestros antepasados se reunían en consejo bajo la protección del No’j.\n  </p>\n  <p>\n    es el día de la sabiduría. Es el día  para tomar decisiones de manera particular o en consejo. Es un día que propicia la planificación de algún proyecto y de los\n    lineamientos a seguir en la conducción de la comunidad y de la sociedad en general. También es el día en que nuestro pensamiento puede tener mayor fluidez.\n  </p>\n  <p>\n    <strong>Función espiritual:</strong>\n  </p>\n  <ul>\n    <li> Agradecer el conocimiento y las ideas.</li>\n    <li> Agradecer la inteligencia.</li>\n    <li> Día para acrecentar la memoria.</li>\n    <li> Agradecer la inteligencia.</li>\n    <li> Día para pedir buenos consejos.</li>\n  </ul>\n  <p><strong>Su origen:</strong> Toj <strong>destino:</strong> Kan</p>\n  <p>\n    <strong>Fortalezas:</strong>\n  </p>\n  <ul>\n    <li> Es poseedor de muchos conocimientos.</li>\n    <li> Es inteligente y es consejero.</li>\n    <li> Puede llegar a ser científico.</li>\n    <li> Es ordenado y creativo.</li>\n    <li> Es justo y humanista.</li>\n    <li> Es buen estudiante.</li>\n    <li> Puede llegar a ser un buen líder.</li>\n  </ul>\n  <p>\n    <strong>Debilidades:</strong>\n  </p>\n  <ul>\n    <li> Puede caer en el orgullo.</li>\n    <li> Se puede enojar con facilidad.</li>\n    <li> Le cuesta tomar decisiones.</li>\n    <li> Puede ser individualista y egoísta.</li>\n  </ul>'),
(8, 'Tijax', '0001-01-01', '0001-01-01', 8, 'CUCHILLO DE DOBLE FILO, EL D├ìA QUE CORTA TODO LO NEGATIVO.', 'Significa piedra y obsidiana. Es el s├¡mbolo del pedernal. Es la energ├¡a de la persona que cura en la cultura maya. Es el poder del trueno y el rayo. La persona que nace bajo la influencia de este d├¡a, puede ser un gran curandero o m├®dico con mucha energ├¡a en las manos. Es ajqÔÇÖ├¡j, cura enfermedades f├¡sicas y psicol├│gicas. Puede arreglar fracturas de los huesos. Una de las influencias negativas del d├¡a es que puede causar alg├║n sufrimiento o malestar. Seg├║n los AjqÔÇÖijabÔÇÖ, es un d├¡a que ÔÇ£comeÔÇØ. Para no ser alcanzado por estas influencias negativas debe hacerse alguna ofrenda y solicitar la intermediaci├│n del Gu├¡a Espiritual. Es un d├¡a que puede evitar la humillaci├│n y la ruina a causa de algo o alguien. Es un d├¡a de protecci├│n. Los que nacen es este d├¡a pueden llegar a ser col├®ricos y pueden destruir espiritual o emocionalmente a alguien. A veces, nadie les aguanta y resulta dif├¡cil comprenderlos.', 'Piedra', 'Etz\'nab\'', '<hr>\n  <p>\n    <strong>Características:</strong>\n    Significa piedra y obsidiana. Es el símbolo del pedernal. Es la energía de la persona que cura en la cultura maya.\n    Es el poder del trueno y el rayo. La persona que nace bajo la influencia de este día, puede ser un gran curandero o médico con mucha energía en las manos.\n    Es ajq’íj, cura enfermedades físicas y psicológicas. Puede arreglar fracturas de los huesos.\n  </p>\n  <p>\n    Una de las influencias negativas del día es que puede causar algún sufrimiento o malestar. Según los Ajq’ijab’, es un día que “come”.\n    Para no ser alcanzado por estas influencias negativas debe hacerse alguna ofrenda y solicitar la intermediación del Guía Espiritual.\n  </p>\n  <p>\n    Es un día que puede evitar la humillación y la ruina a causa de algo o alguien. Es un día de protección.\n    Los que nacen es este día pueden llegar a ser coléricos y pueden destruir espiritual o emocionalmente a alguien.\n    A veces, nadie les aguanta y resulta difícil comprenderlos.\n  </p>\n  <p><strong>Su origen:</strong> Tz\'i <strong>destino:</strong> Keme</p>\n  <p>\n    <strong>Fortalezas:</strong>\n  </p>\n  <ul>\n    <li> Es protector de la justicia.</li>\n    <li> Es fuerte y servicial.</li>\n    <li> Es incansable por lo que quiere lograr.</li>\n    <li> Puede llegar a ser Guía Espiritual.</li>\n    <li> Posee habilidad para arreglar fracturas en los huesos.</li>\n    <li> Se puede defender muy bien ante cualquier problema.</li>\n  </ul>\n  <p>\n    <strong>Debilidades:</strong>\n  </p>\n  <ul>\n    <li> Puede ser violento y enojado.</li>\n    <li> Puede sufrir enfermedades.</li>\n    <li> Puede ofenderse fácilmente.</li>\n    <li> Puede caer en la venganza y en los pleitos.</li>\n  </ul>'),
(9, 'Kawoq', '0001-01-01', '0001-01-01', 9, 'RAYO DIVINO, EL D├ìA DE LA ABUNDANCIA PARA LA FAMILIA.', 'Es el nawal de la mujer como comadrona. Es el d├¡a de la Vara Espiritual, le Pisom QÔÇÖaqÔÇÖal. Es el rel├ímpago. Es la dualidad del fuego sagrado en funci├│n de la espiritualidad maya. Es el d├¡a de la comunidad, de la familia, del grupo y de la sociedad. Es la energ├¡a que facilita las lluvias para darnos buenas cosechas, principalmente la del ma├¡z. Proporciona capacidad y habilidad para curar y orientar. Es la energ├¡a que fortalece a las Gu├¡as Espirituales. Mantiene la energ├¡a y la fertilidad. Es un d├¡a de mucha relaci├│n con la Madre Tierra y los elementos al proveer sabidur├¡a para el manejo de las plantas medicinales. Facilita la unidad y el cuidado de la familia. Es el d├¡a de la mujer como esposa y madre que calienta el seno del hogar. Tambi├®n es un d├¡a especial para la plena realizaci├│n de la mujer en la comunidad y en la sociedad.', 'Relampago', 'Kawak', '<hr>\n  <p>\n    <strong>Características:</strong>\n    Es el nawal de la mujer como comadrona. Es el día de la Vara Espiritual, le Pisom Q’aq’al. Es el relámpago.\n    Es la dualidad del fuego sagrado en función de la espiritualidad maya. Es el día de la comunidad, de la familia, del grupo y de la sociedad.\n    Es la energía que facilita las lluvias para darnos buenas cosechas, principalmente la del maíz.\n  </p>\n  <p>\n    Proporciona capacidad y habilidad para curar y orientar. Es la energía que fortalece a las Guías Espirituales. Mantiene la energía y la fertilidad.\n    Es un día de mucha relación con la Madre Tierra y los elementos al proveer sabiduría para el manejo de las plantas medicinales.\n    Facilita la unidad y el cuidado de la familia. Es el día de la mujer como esposa y madre que calienta el seno del hogar.\n    También es un día especial para la plena realización de la mujer en la comunidad y en la sociedad.\n  </p>\n  <p>\n    <strong>Funcion Espiritual:</strong>\n  </p>\n  <ul>\n    <li> Día del terapeuta (el que arregla huesos) y de la comadrona.</li>\n    <li> Uno de los días para tratar enfermedades.</li>\n    <li> Día para invocar por la familia (hogar) y la comunidad.</li>\n    <li> Uno de los días especiales para pedir lluvia.</li>\n    <li> Día para invocar para que los niños y niñas al nacer no vengan con defectos físicos.</li>\n  </ul>\n  <p><strong>Su origen:</strong> B\'atz\' <strong>destino:</strong> Kej</p>\n  <p>\n    <strong>Fortalezas:</strong>\n  </p>\n  <ul>\n    <li> Es equilibrado y cariñoso.</li>\n    <li> Vive y trabaja por su familia.</li>\n    <li> Si es mujer, puede ser comadrona.</li>\n    <li> Puede llegar a ser Guía Espiritual.</li>\n    <li> Es buen comunicador y expositor.</li>\n  </ul>\n  <p>\n    <strong>Debilidades:</strong>\n  </p>\n  <ul>\n    <li> Puede caer en el enojo.</li>\n    <li> A veces es perseguido por los problemas y los pleitos.</li>\n    <li> No es muy afortunado en el amor.</li>\n    <li> Se le puede culpar de todo lo que pasa.</li>\n    <li> Muy hablador.</li>\n    <li> Se puede meter en donde no es llamado.</li>\n  </ul>'),
(10, 'Ajpu\'', '0001-01-01', '0001-01-01', 10, 'GUERRERO, ES EL D├ìA DEL GRAN AJAW, EL D├ìA DEL SE├æOR, EL D├ìA DEL L├ìDER.', 'Es la luz y es la representaci├│n del Abuelo Sol. Significa cerbatanero, cazador, tirador y caminante. Es el d├¡a de la fuerza corporal y del triunfo del bien sobre los obst├ículos. Es la representaci├│n del triunfo de Jun Ajpu e Ixbalamke sobre los se├▒ores de XibÔÇÖalbÔÇÖa. Esta se├▒al le fue dada a la abuela Ixmukane cuando reto├▒├│ el ca├▒averal que sembraron los dos muchachos en el patio de la casa. Es el d├¡a del gran Ajaw, el padre y su representaci├│n solar, el d├¡a de la grandeza, de la fuerza de la vida. Es el que trae luz y claridad a los seres humanos y sobre toda la humanidad. Es la fuerza regenerativa, el ciclo de la vida. La facultad para tener a toda la galaxia. Rige los eclipses lunares y solares. Es el momento de servir a los dem├ís.', 'Luz', 'Ajaw', '<hr>\n  <p>\n    <strong>Características:</strong>\n    Es la luz y es la representación del Abuelo Sol. Significa cerbatanero, cazador, tirador y caminante.\n    Es el día de la fuerza corporal y del triunfo del bien sobre los obstáculos.\n    Es la representación del triunfo de Jun Ajpu e Ixbalamke sobre los señores de Xib’alb’a. Esta señal le fue dada a la abuela Ixmukane\n    cuando retoñó el cañaveral que sembraron los dos muchachos en el patio de la casa.\n  </p>\n  <p>\n    Es el día del gran Ajaw, el padre y su representación solar, el día de la grandeza, de la fuerza de la vida.\n    Es el que trae luz y claridad a los seres humanos y sobre toda la humanidad.\n  </p>\n  <p>\n    Es la fuerza regenerativa, el ciclo de la vida. La facultad para tener a toda la galaxia.\n    Rige los eclipses lunares y solares. Es el momento de servir a los demás.\n  </p>\n  <p>\n    <strong>Funcion Espiritual:</strong>\n  </p>\n  <ul>\n    <li> Día para ofrendar a los abuelos y abuelas fallecidas.</li>\n    <li> Día propicio para tratar enfermedades.</li>\n    <li> Se pide la vida y la fuerza.</li>\n    <li> Día para pedir el triunfo del bien sobre el mal.</li>\n  </ul>\n  <p><strong>Su origen:</strong> E <strong>destino:</strong> Q\'anil</p>\n  <p>\n    <strong>Fortalezas:</strong>\n  </p>\n  <ul>\n    <li> Puede desarrollar mejor la inteligencia.</li>\n    <li> Puede tener dotes de artista.</li>\n    <li> Es alegre.</li>\n    <li> Se defiende muy bien.</li>\n    <li> Puede llegar a ser Guía Espiritual.</li>\n    <li> Es bueno para la cacería.</li>\n  </ul>\n  <p>\n    <strong>Debilidades:</strong>\n  </p>\n  <ul>\n    <li> Puede caer en el enojo.</li>\n    <li> Puede ser tajante.</li>\n    <li> Es delicado.</li>\n    <li> Puede enfermarse.</li>\n    <li> Puede evadir responsabilidades.</li>\n    <li> Le dificulta aceptar correcciones.</li>\n    <li> Puede tener una actitud autosuficiencia.</li>\n  </ul>'),
(11, 'Imox', '0001-01-01', '0001-01-01', 11, 'IZQUIERDA, ES EL D├ìA DEL AGUA, DEL CAMBIO Y DEL PODER ESP├ìRITUAL SOBRENATURAL.', 'S├¡mbolo de las fuerzas ocultas del universo manifestadas en demencia. ÔÇ£ImoxÔÇØ es el nombre de todas las cosas secretas. En general, es un d├¡a de influencias negativas. Es un d├¡a peligroso. Es s├¡mbolo del hemisferio izquierdo, la parte sutil de los seres humanos, es la sensibilidad. Es la esencia de nuestra conciencia y de nuestra mente. Es el nawal o esp├¡ritu del agua. Genera movimiento pero, tambi├®n, descontrol emocional. Es un d├¡a con influencias negativas y los que nacen en este d├¡a pueden convertirse en busca pleitos. Por eso, el d├¡a es propicio para las ceremonias de limpieza emocional. Significa idiotez y locura. Es un d├¡a especial para pedir la abundancia de agua. D├¡a para invocar por los r├¡os y nacimientos de agua para que no se sequen. Su trabajo es ayudar al hemisferio derecho del cerebro a realizar un mejor trabajo y a tomar una buena actitud. Es el d├¡a de la perturbaci├│n mental o de la equivocaci├│n. No es indicado para tomar decisiones. Es el d├¡a en que se puede implorar y limpiar las perturbaciones provocadas por el enemigo en todos los ├│rdenes de la vida.', 'Pez', 'Imix\'', '<hr>\n  <p>\n    <strong>Características:</strong>\n    Símbolo de las fuerzas ocultas del universo manifestadas en demencia. “Imox” es el nombre de  todas las cosas secretas.\n    En general, es un día de influencias negativas. Es un día peligroso. Es símbolo del hemisferio izquierdo, la parte sutil de los seres humanos,\n    es la sensibilidad. Es la esencia de nuestra conciencia y de nuestra mente.\n  </p>\n  <p>\n    Es el nawal o espíritu del agua. Genera movimiento pero, también, descontrol emocional. Es un día con influencias negativas\n    y los que nacen en este día pueden convertirse en busca pleitos. Por eso, el día es propicio para las ceremonias de limpieza emocional.\n  </p>\n  <p>\n    Significa idiotez y locura. Es un día especial para pedir la abundancia de agua. Día para invocar por los ríos y\n    nacimientos de agua para que no se sequen. Su trabajo es ayudar al hemisferio derecho del cerebro a realizar un mejor trabajo y a tomar una buena actitud.\n  </p>\n  <p>\n    Es el día de la perturbación mental o de la equivocación.  No es indicado para tomar decisiones. Es el día en que se puede implorar y limpiar\n    las perturbaciones provocadas por el enemigo en todos los órdenes de la vida.\n  </p>\n  <p>\n    <strong>Funcion Espiritual:</strong>\n  </p>\n  <ul>\n    <li> Tratamiento de las perturbaciones mentales.</li>\n    <li> Día especial para invocar por el agua.</li>\n    <li> Invocaciones para mantener el equilibrio mental, espiritual, físico y emocional.</li>\n  </ul>\n  <p><strong>Su origen:</strong> Aj <strong>destino:</strong> Toj</p>\n  <p>\n    <strong>Fortalezas:</strong>\n  </p>\n  <ul>\n    <li> Puede desarrollar la clarividencia.</li>\n    <li> Puede captar los mensajes y señales de la naturaleza.</li>\n    <li> Puede desarrollar con mayor grado su hemisferio izquierdo.</li>\n    <li> Puede tener buenas iniciativas.</li>\n  </ul>\n  <p>\n    <strong>Debilidades:</strong>\n  </p>\n  <ul>\n    <li> Se le olvida con facilidad las cosas.</li>\n    <li> Puede resultar muy inseguro.</li>\n    <li> Puede tener reacciones violentas.</li>\n    <li> Es ordenado en sus cosas.</li>\n    <li> Puede tener un carácter variado.</li>\n  </ul>'),
(12, 'Iq\'', '0001-01-01', '0001-01-01', 12, 'LUNA EL D├ìA DEL AIRE CRISTALINO Y DEL OX├ìGENO.', 'Es el viento y la vida. Es nawal de la lluvia. Es el d├¡a del Coraz├│n del Cielo y Coraz├│n de la Tierra. Es el aire y el soplo sagrado que da fuerza y vida. En este d├¡a se le pide al viento que se lleve los sufrimientos o las enfermedades de la persona. Significa aire y aliento de vida. Tambi├®n, es el nawal de Junraqan (Hurac├ín) convertido en tornado. Es uno de los Cargadores del Tiempo. Es, tambi├®n, la respiraci├│n de la persona. Es el soplo sagrado, suave y apacible purificador del cuerpo, de la mente, del esp├¡ritu y de las emociones. Es el espacio invisible existente entre la materia. Es uno de los elementos que produce los fen├│menos naturales. El ni├▒o que nace en IqÔÇÖ es un ni├▒o que hace de todo pero no llega a nada. Es como el aire que toca y arrastra todo lo que encuentra en su camino. Puede construir pero tambi├®n destruye.', 'Viento', 'Ik\'', '<hr>\n  <p>\n    <strong>Características:</strong>\n    Es el viento y la vida. Es nawal de la lluvia. Es el día del Corazón del Cielo y Corazón de la Tierra. Es el aire y el soplo sagrado que da fuerza y vida.\n    En este día se le pide al viento que se lleve los sufrimientos o las enfermedades de la persona.\n  </p>\n  <p>\n    Significa aire y aliento de vida. También, es el nawal de Junraqan (Huracán) convertido en tornado. Es uno de los Cargadores del Tiempo.\n    Es, también, la respiración de la persona. Es el soplo sagrado, suave y apacible purificador del cuerpo, de la mente, del espíritu y de las emociones.\n    Es el espacio invisible existente entre la materia. Es uno de los elementos que produce los fenómenos naturales.\n  </p>\n  <p>\n    El niño que nace en Iq’ es un niño que hace de todo pero no llega a nada. Es como el aire que toca y arrastra todo lo que encuentra en su camino.\n    Puede construir pero también destruye.\n  </p>\n  <p>\n    <strong>Funcion Espiritual:</strong>\n  </p>\n  <ul>\n    <li> Es día propicio para efectuar ceremonias al espíritu del aire o viento.</li>\n    <li> Día para tratar enfermedades respiratorias, psicológicas y emocionales.</li>\n    <li> Día de invocación para que el aire no destruya las siembras.</li>\n  </ul>\n  <p><strong>Su origen:</strong> I\'x <strong>destino:</strong> Tz\'i\'</p>\n  <p>\n    <strong>Fortalezas:</strong>\n  </p>\n  <ul>\n    <li> Puede adaptarse a cualquier situación.</li>\n    <li> Posee fuerza física.</li>\n    <li> Es soñador e imaginativo.</li>\n    <li> Puede tener ideas futuristas.</li>\n    <li> No asusta casi nada.</li>\n  </ul>\n  <p>\n    <strong>Debilidades:</strong>\n  </p>\n  <ul>\n    <li> De carácter muy fuerte.</li>\n    <li> Puede resultar inseguro e impulsivo.</li>\n    <li> Puede caer en la infidelidad con su pareja.</li>\n    <li> Puede sufrir algunos problemas sociales y económicos.</li>\n    <li> Le encanta decir directamente las cosas.</li>\n  </ul>'),
(13, 'Aq\'ab\'al', '0001-01-01', '0001-01-01', 13, 'D├ìA Y NOCHE, EL D├ìA DEL KIEB┬┤AWIL (POLARIDAD), EL D├ìA DE LA BENDICI├ôN.', 'Es el s├¡mbolo de la mano y de la aurora formada por los primeros rayos del sol que se asoman sobre las monta├▒as para disipar las tinieblas y la oscuridad de la noche. Significa amanecer, aurora, luz, claridad, nuevo d├¡a. Es la renovaci├│n de energ├¡a. Es la llegada de la luz, del crep├║sculo, la luz que se asoma detr├ís de los cerros y monta├▒as. Es el d├¡a del amanecer, del futuro promisorio que esperamos cada d├¡a, los mejores d├¡as para nuestro pueblo y para cada persona en particular.', 'Amanacer', 'Ak\'b\'al', '<hr>\n  <p>\n    <strong>Características:</strong>\n    Es el símbolo de la mano y de la aurora formada por los primeros rayos del sol que se asoman sobre\n    las montañas para disipar las tinieblas y la oscuridad de la noche.\n  </p>\n  <p>\n    Significa amanecer, aurora, luz, claridad, nuevo día. Es la renovación de energía.\n    Es la llegada de la luz, del crepúsculo, la luz que se asoma detrás de los cerros y montañas.\n  </p>\n  <p>\n    Es el día del amanecer, del futuro promisorio que esperamos cada día, los mejores días para nuestro pueblo y para cada persona en particular.\n  </p>\n  <p>\n    <strong>Función Espiritual:</strong>\n  </p>\n  <ul>\n    <li> Aclara los conocimientos.</li>\n    <li> Aclara el camino de la vida.</li>\n    <li> Conduce a nuevas oportunidades de la vida.</li>\n    <li> Ilumina las cosas ocultas.</li>\n    <li> Día para agradecer la creación del ser humano.</li>\n  </ul>\n  <p><strong>Su origen:</strong> Tz\'ikin <strong>destino:</strong> B\'atz\'</p>\n  <p>\n    <strong>Fortalezas:</strong>\n  </p>\n  <ul>\n    <li> Es madrugador, alegre y sereno.</li>\n    <li> Puede tener buen carácter.</li>\n    <li> Puede tener dotes para tratar enfermedades.</li>\n    <li> Puede ser Guía Espiritual.</li>\n    <li> Son fuertes, dinámicos y astutos.</li>\n    <li> Puede tener seguridad mental y física.</li>\n  </ul>\n  <p>\n    <strong>Debilidades:</strong>\n  </p>\n  <ul>\n    <li> No es bien reconocido en su tierra.</li>\n    <li> Puede encontrar el fracaso.</li>\n    <li> Puede caer en la mentira y la traición.</li>\n    <li> Puede tener dificultades en lo económico.</li>\n    <li> Es un poco reservado y aislado.</li>\n  </ul>'),
(14, 'K\'at', '0001-01-01', '0001-01-01', 14, 'RED, EL DIA DE AGRUPAR, EL DIA DE REUNIR EN ABUNDANCIA.', 'Est├í relacionado con la palabra kÔÇÖatik que significa arder. S├¡mbolo del fuego y de la red. En el ritual se hace menci├│n del d├¡a como tiempo para el enredo y el desenredo. Es el que enreda y desenreda la vida. Es la red donde se guarda la mazorca. La red con la que se pesca. La red donde mueren los peces. Significa cautiverio y ausencia de libertad. Signo de opresi├│n que se ejerce sobre una comunidad. Es el trastecito o el bracero que le entregan a uno cuando recibe el Pisom QÔÇÖaqÔÇÖal o la Vara Sagrada. Para los nacidos en KÔÇÖat, en la espiritualidad maya, se les recomienda visitar al AjqÔÇÖij cada veinte d├¡as para efectuar su ceremonia. De lo contrario, pueden tener muchos enredos en el camino, en el trabajo y en la vida.', 'Red', 'K\'an', '<hr>\n  <p>\n    <strong>Características:</strong>\n    Está relacionado con la palabra k’atik que significa arder. Símbolo del fuego y de la red. En el ritual se hace mención del día como\n    tiempo para el enredo y el desenredo. Es el que enreda y desenreda la vida.\n  </p>\n  <p>\n    Es la red donde se guarda la mazorca. La red con la que se pesca. La red donde mueren los peces. Significa cautiverio y ausencia de libertad.\n    Signo de opresión que se ejerce sobre una comunidad.\n  </p>\n  <p>\n    Es el trastecito o el bracero que le entregan a uno cuando recibe el Pisom Q’aq’al o la Vara Sagrada.\n    Para los nacidos en K’at, en la espiritualidad maya, se les recomienda visitar al Ajq’ij cada veinte días para efectuar su ceremonia.\n    De lo contrario, pueden tener muchos enredos en el camino, en el trabajo y en la vida.\n  </p>\n  <p>\n    <strong>Funcion Espiritual:</strong>\n  </p>\n  <ul>\n    <li> Se puede pedir por la liberación de algún preso.</li>\n    <li> Pedir porque el parto sea normal.</li>\n    <li> Día del desenvolvimiento e investigación de la ciencia.</li>\n    <li> Día para arreglar problemas emocionales y de amor.</li>\n  </ul>\n  <p><strong>Su origen:</strong> Ajmaq <strong>destino:</strong> E</p>\n  <p>\n    <strong>Fortalezas:</strong>\n  </p>\n  <ul>\n    <li> Persona sincera y ordenada.</li>\n    <li> Puede ser líder.</li>\n    <li> Puede ser una persona muy afortunada en lo económico.</li>\n    <li> Puede ser Guía Espiritual.</li>\n    <li> Persona muy activa y curiosa.</li>\n    <li> Puede recordar las cosas facilidad.</li>\n    <li> Puede ser muy tajante en su decisión.</li>\n  </ul>\n  <p>\n    <strong>Debilidades:</strong>\n  </p>\n  <ul>\n    <li> Puede caer en los chismes y en el enojo.</li>\n    <li> Puede resultar nervioso.</li>\n    <li> Puede perder las cosas con facilidad.</li>\n    <li> Puede estar propenso a malas influencias.</li>\n    <li> Puede caer en el individualismo.</li>\n    <li> Puede caer en elorgullo.</li>\n    <li> Con tendencia a meterse en los problemas ajenos.</li>\n  </ul>'),
(15, 'Kan', '0001-01-01', '0001-01-01', 15, 'SERPIENTE Y QUETZAL, EL D├ìA DE NUESTRA GALAXIA, LA VITALIDAD Y DEL FUEGO INTERNO.', 'Significa movimiento, Es el s├¡mbolo de la Gran Energ├¡a que cre├│ el Universo. Es la Serpiente Emplumada o QÔÇÖuqÔÇÖumatz. Es la evaluaci├│n humana y el desarrollo espiritual. Es la Sabidur├¡a y el ciclo del tiempo. Es guardi├ín del bosque. Es el d├¡a de la transformaci├│n. significa justicia y equilibrio. Es un d├¡a muy fuerte y ÔÇ£enojadoÔÇØ. Es un d├¡a que puede traer malas influencias como el enojo y la ri├▒a. Sin embargo, es un s├¡mbolo de la verdad y es r├ípido e implacable cuando la justicia se├▒ala a alguien el lugar de los perdedores. La energ├¡a del d├¡a se presta para la soluci├│n de problemas.', 'Movimiento', 'Chikchan', '<hr>\n  <p>\n    <strong>Características:</strong>\n    Significa movimiento, Es el símbolo de la Gran Energía que creó el Universo. Es la Serpiente Emplumada o Q’uq’umatz.\n    Es la evaluación humana y el desarrollo espiritual. Es la Sabiduría y el ciclo del tiempo. Es guardián del bosque. Es el día de la transformación.\n  </p>\n  <p>\n    significa justicia y equilibrio. Es un día muy fuerte y “enojado”. Es un día que puede traer malas influencias como el enojo y la riña.\n    Sin embargo, es un símbolo de la verdad y es rápido e implacable cuando la justicia señala a alguien el lugar de los perdedores.\n    La energía del día se presta para la solución de problemas.\n  </p>\n  <p>\n    <strong>Funcion Espiritual:</strong>\n  </p>\n  <ul>\n    <li> Invocaciones por la igualdad y justicia.</li>\n    <li> Día para desarrollar la fuerza física.</li>\n    <li> Día para desarrollar el fuego interior y la evolución espiritual.</li>\n    <li> Uno de los días para realizar invocaciones por la lluvia.</li>\n    <li> Día para alejar el enojo, la timidez y el mal carácter.</li>\n  </ul>\n  <p><strong>Su origen:</strong> No\'j <strong>destino:</strong> Aj</p>\n  <p>\n    <strong>Fortalezas:</strong>\n  </p>\n  <ul>\n    <li> Persona con mucho conocimiento.</li>\n    <li> Puede tener mucha habilidad para la intuición.</li>\n    <li> Muy inteligente.</li>\n    <li> Practica la sinceridad y la justicia.</li>\n    <li> Puede llegar a ser líder.</li>\n    <li> Puede tener habilidad para los pronósticos y la clarividencia.</li>\n    <li> Puede ser Guía Espiritual.</li>\n    <li> Es humilde.</li>\n  </ul>\n  <p>\n    <strong>Debilidades:</strong>\n  </p>\n  <ul>\n    <li> Puede estar influenciado por el enojo y la traición.</li>\n    <li> Puede caer en el resentimiento y la avaricia.</li>\n    <li> Es desconfiado y sorpresivo.</li>\n  </ul>');
INSERT INTO `nahual` (`id`, `nombre`, `fechaInicio`, `fechaFinalizacion`, `idImagen`, `significado`, `descripcion`, `nombreSp`, `nombreYucateco`, `texto_web`) VALUES
(16, 'Kame', '0001-01-01', '0001-01-01', 16, 'NACER Y MORIR, EL D├ìA DE LOS CICLOS DE LA VIDA Y LA GENETICA.', 'Es el s├¡mbolo de la muerte. S├¡mbolo de la disoluci├│n final de todas las cosas, buenas y malas. Significa tecolote y muerte. Es el renacimiento. Significado que se expresa a trav├®s de los sagrados granos de TzÔÇÖiteÔÇÖ o Palo de Pito. Es d├¡a propicio para pedir por la salud de los enfermos y para hacer ofrendas porque progrese el negocio. Es la energ├¡a de las personas que mueren de manera natural. Puede restar fuerza a una persona o fortalecerla. Pronostica lo bueno y lo malo. Es la comunicaci├│n con las abuelas y abuelos a trav├®s de las candelas de cebo que se ofrecen en las ceremonias. Prudencia y protecci├│n para evitar accidentes. Es el Juez Supremo de todas las cosas. Nawal de la enfermedad y de la muerte.', 'Tecolote', 'Kimi', '<hr>\n  <p>\n    <strong>Características:</strong>\n    Es el símbolo de la muerte. Símbolo de la disolución final de todas las cosas, buenas y malas. Significa tecolote y muerte.\n    Es el renacimiento. Significado que se expresa a través de los sagrados granos de Tz’ite’ o Palo de Pito. Es día propicio para\n    pedir por la salud de los enfermos y para hacer ofrendas porque progrese el negocio.\n  </p>\n  <p>\n    Es la energía de las personas que mueren de manera natural. Puede restar fuerza a una persona o fortalecerla. Pronostica lo bueno y lo malo.\n    Es la comunicación con las abuelas y abuelos a través de las candelas de cebo que se ofrecen en las ceremonias.\n    Prudencia y protección para evitar accidentes. Es el Juez Supremo de todas las cosas. Nawal de la enfermedad y de la muerte.\n  </p>\n  <p>\n    <strong>Funcion Espiritual:</strong>\n  </p>\n  <ul>\n    <li> Es un día bueno para el negocio.</li>\n    <li> Día especial para comunicarse con los ancestros.</li>\n    <li> Fortalecimiento de la vida.</li>\n    <li> Día para pedir protección en los viajes.</li>\n    <li> Día para contrarrestar enfermedades.</li>\n  </ul>\n  <p><strong>Su origen:</strong> Tijax <strong>destino:</strong> I’x</p>\n  <p>\n    <strong>Fortalezas:</strong>\n  </p>\n  <ul>\n    <li> Puede ser médico.</li>\n    <li> Es fuerte ante sus enemigos.</li>\n    <li> Es inteligente, respetuoso y seguro.</li>\n    <li> Puede controlarse.</li>\n    <li> Puede desarrollar habilidades para la clarividencia.</li>\n  </ul>\n  <p>\n    <strong>Debilidades:</strong>\n  </p>\n  <ul>\n    <li> Puede tener un temperamento fuerte.</li>\n    <li> Propenso al suicidio.</li>\n    <li> Puede sufrir mucho al no cumplir con sus obligaciones con la Madre Naturaleza.</li>\n    <li> Puede tener tendencias a la mentira y a la infidelidad con su pareja.</li>\n  </ul>'),
(17, 'Kej', '0001-01-01', '0001-01-01', 17, 'VENADO, EL D├ìA DE LOS 4 PUNTOS CARDINALES, EL D├ìA DEL BALANCE.', 'El nawal del Kej es muy masculino y si una mujer nace en este d├¡a, tiene el car├ícter y voz fuertes y es de alguna manera varonil. Simboliza venado, los cuatro sostenes, los cuatro pilares, es decir los cuatro puntos cardinales. Es el d├¡a fuerte y bueno. Es un d├¡a que aplasta. Es un d├¡a que demuestra su fuerza y su poder. Los que nacen en este d├¡a: son de caracter fuerte y poseen fortaleza f├¡sica. Son buenos defensores de otras personas, pero no pueden defenderse a s├¡ mismos. pueden ser ricos y poseer muchos bienes. generalmente gozan de buena salud pues no se enferman con facilidad. Son los cuatro puntos cardinales que sostienen el mundo; sostiene la vida del hombre. Los que nacen en este d├¡a son caminantes y tienen suerte en el negocio. Es el d├¡a en que se pide fuerza, fortalecimiento, endurecimiento, para que uno sea duro, aguantador en caso de enfermedades, golpes, cr├¡ticas, que uno aguante lo duro de la vida. Los que nacen en Kej podr├¡an ser buenos gu├¡as espirituales mayas.', 'Venado', 'Manik\'', '<hr>\n  <p>\n    <strong>Características:</strong>\n    El nawal del Kej es muy masculino y si una mujer nace en este día, tiene el carácter y voz fuertes y es de alguna manera varonil.\n  </p>\n  <p>\n    Simboliza venado, los cuatro sostenes, los cuatro pilares, es decir los cuatro puntos cardinales.\n    Es el día fuerte y bueno.  Es un día que aplasta.   Es un día que demuestra su fuerza y su poder.\n  </p>\n  <p>\n    Los que nacen en este día:  son de caracter fuerte y poseen fortaleza física.  Son buenos defensores de otras personas,\n    pero no pueden defenderse a sí mismos.  pueden ser ricos y poseer muchos bienes. generalmente gozan de buena salud pues no se enferman con facilidad.\n  </p>\n  <p>\n    Son los cuatro puntos cardinales que sostienen el mundo; sostiene  la vida del hombre.  Los que nacen en este día son caminantes y tienen  suerte en el negocio.\n  </p>\n  <p>\n    Es el día en que se pide fuerza, fortalecimiento, endurecimiento, para que uno sea duro, aguantador en caso de enfermedades, golpes, críticas,\n    que uno aguante lo duro de la vida. Los que nacen en Kej podrían ser buenos guías espirituales mayas.\n  </p>\n  <p>\n    <strong>Significado:</strong>\n  </p>\n  <ul>\n    <li> La cruz maya.</li>\n    <li> Los cuatro puntos cardinales.</li>\n    <li> Los cuatro sostenes de la tierra.</li>\n    <li> Nawal de los defensores.</li>\n    <li> Los cuatro colores de las energías.</li>\n    <li> Caballo, fuerza, aguantador.</li>\n  </ul>\n  <p>\n    <strong>Fortalezas:</strong>\n  </p>\n  <ul>\n    <li> Buenos defensores</li>\n    <li> Poseen riquezas</li>\n    <li> Gozan de buena salud</li>\n    <li> Son buenos guías espirituales</li>\n    <li> Son muy sociables</li>\n    <li> Son fuertes, inteligentes, responsables, positivos y triunfadores.</li>\n    <li> En el matrimonio son muy equilibrados</li>\n  </ul>\n  <p>\n    <strong>Debilidades:</strong>\n  </p>\n  <ul>\n    <li> Puede hacer el mal con su pensamiento</li>\n    <li> Tiene un carácter fuerte</li>\n    <li> Pueden ser muy compulsivos</li>\n    <li> Les gusta la popularidad y el poder</li>\n    <li> Podrían ser autocráticos, manipuladores etc.</li>\n    <li> Les gusta la comodidad</li>\n    <li> Son muy reservados</li>\n    <li> Autoritarios</li>\n    <li> Suelen ser exigentes</li>\n    <li> Les gusta hundir y aplastar a las personas.</li>\n    <li> Podrían ser necios</li>\n  </ul>'),
(18, 'Q\'anil', '0001-01-01', '0001-01-01', 18, 'SEMILLA, EL D├ìA DE LA SEMILLA DE LA VIDA Y LOS FRUTOS.', 'Este es un d├¡a propicio para las rogativas que se hacen con relaci├│n al ma├¡z y para darle gracias a la divinidad de la tierra, por la cosecha de ma├¡z. Es el nawal de las cosechas. El que nace en este d├¡a es buen agricultor. Hay que buscar este tanto para la siembra como para la cosecha del ma├¡z. Simboliza los cuatro colores del ma├¡z existentes en Meso Am├®rica: rojo, negro, blanco y amarillo. Los cuatro colores de la piel de la humanidad. Los cuatro puntos cardinales del universo. En este d├¡a se pide buena cosecha. Es el d├¡a del agricultor.Significa pago, ofrenda y agradecimiento. Se ponen presentes para el pago de alguna culpa o para enmendar alg├║n error. Es el d├¡a especial de las ofrendas. Se agradece el sol, el agua, el aire, el alimento y todo lo que nos rodea y lo que hemos recibido de la Madre Tierra. Los que nacen en Toj, algunas veces, son los que pagan la deuda de la familia, por eso es que pueden sufrir problemas de salud.', 'Semilla', 'Lamat', '<hr>\n  <p>\n    <strong>Características:</strong>\n    Este es un día propicio para las rogativas que se hacen con relación al maíz y para darle gracias a la divinidad de la tierra, por la cosecha de maíz.\n  </p>\n  <p>\n    Es el nawal de las cosechas. El que nace en este día es buen agricultor. Hay que buscar este tanto para la siembra como para la cosecha del maíz.\n  </p>\n  <p>\n    Simboliza los cuatro colores del maíz existentes en Meso América: rojo, negro, blanco y amarillo. Los cuatro colores de la piel de la humanidad.\n    Los cuatro puntos cardinales del universo. En este día se pide buena cosecha. Es el día del agricultor.\n  </p>\n  <p>\n    <strong>Significado:</strong>\n  </p>\n  <ul>\n    <li> Nawal de la semilla.</li>\n    <li> germinación de todos los seres vivientes.</li>\n    <li> Día de la construcción de los primeros abuelos del maíz.</li>\n  </ul>\n  <p><strong>Dia de:</strong> La Fecundación y de La Germinación.</p>\n  <p>\n    <strong>Fortalezas:</strong>\n  </p>\n  <ul>\n    <li> Afortunados en las siembras o crianza de animales</li>\n    <li> Muy fértiles en tener hijos</li>\n    <li> Son buenos comerciantes</li>\n    <li> suelen tener Signos de intensa energía en su cuerpo</li>\n    <li> Extremadamente inteligentes</li>\n    <li> Les gusta hablar, debatir, leer, escribir</li>\n    <li> Aficionados al ejercicio físico o la danza</li>\n    <li> Mente compleja</li>\n    <li> Se interesan de detalles</li>\n  </ul>\n  <p>\n    <strong>Debilidades:</strong>\n  </p>\n  <ul>\n    <li> Padecen de dolor de cabeza, resfriados</li>\n    <li> Podrían destruir su propio hogar</li>\n    <li> Incrédulos</li>\n    <li> Creen en su imaginación</li>\n    <li> Regularmente son nerviosos</li>\n    <li> Pueden ser cobardes</li>\n    <li> Autodestructivos</li>\n    <li> Evitan las grandes  responsabilidades</li>\n    <li> Propensos a adquirir vicios relacionados con estimulantes</li>\n    <li> Muy agresivos, enojados</li>\n    <li> A veces son obsesivos, compulsivos</li>\n    <li> Llegan a donde no son llamados</li>\n    <li> Orgullosos</li>\n    <li> Suelen ser egoístas</li>\n  </ul>'),
(19, 'Toj', '0001-01-01', '0001-01-01', 19, 'PAGO, EL D├ìA DE LOS PAGAMIENTOS Y LA LIBERACI├ôN DEL PASADO.', 'Significa pago, ofrenda y agradecimiento. Se ponen presentes para el pago de alguna culpa o para enmendar alg├║n error. Es el d├¡a especial de las ofrendas. Se agradece el sol, el agua, el aire, el alimento y todo lo que nos rodea y lo que hemos recibido de la Madre Tierra. Los que nacen en Toj, algunas veces, son los que pagan la deuda de la familia, por eso es que pueden sufrir problemas de salud.', 'Ofrenda', 'Muluk', '<hr>\n  <p>\n    <strong>Características:</strong>\n    Significa pago, ofrenda y agradecimiento. Se ponen presentes para el pago de alguna culpa o para enmendar algún error.\n  </p>\n  <p>\n    Es el día especial de las ofrendas. Se agradece el sol, el agua, el aire, el alimento y todo lo que nos rodea y lo que hemos recibido de la Madre Tierra.\n    Los que nacen en Toj, algunas veces, son los que pagan la deuda de la familia, por eso es que pueden sufrir problemas de salud.\n  </p>\n  <p>\n    <strong>Función Espiritual:</strong>\n  </p>\n  <ul>\n    <li> Agradecimiento a Ajaw por los beneficios recibidos.</li>\n    <li> Día para ponerse en paz con Ajaw, con los abuelos y abuelas y con el prójimo.</li>\n    <li> Se hacen ceremonias para lograr el equilibrio, moral y espiritual.</li>\n    <li> Día para retirar los sufrimientos, accidentes y enfermedades.</li>\n  </ul>\n  <p><strong>Su origen:</strong> Imox <strong>destino:</strong> No\'j</p>\n  <p>\n    <strong>Fortalezas:</strong>\n  </p>\n  <ul>\n    <li> De grandes virtudes.</li>\n    <li> Es creativo, comunicativo y dinámico.</li>\n    <li> Practica la sinceridad.</li>\n    <li> Es analista, imaginativo e intuitivo.</li>\n    <li> De carácter abierta.</li>\n    <li> Es romántico.</li>\n  </ul>\n  <p>\n    <strong>Debilidades:</strong>\n  </p>\n  <ul>\n    <li> Puede sufrir enfermedades.</li>\n    <li> Puede caer en la miseria.</li>\n    <li> Puede tener inestabilidad mental.</li>\n    <li> Puede estar expuesto a accidentes.</li>\n    <li> Puede caer en el orgullo y la vanidad.</li>\n    <li> Vicioso y orgulloso</li>\n  </ul>'),
(20, 'Tz\'i\'', '0001-01-01', '0001-01-01', 20, 'PERRO, EL D├ìA DE LA JUSTICIA, EL D├ìA DEL EQUILIBRIO DE LA LEY MATERIAL Y ESPIRITUAL.', 'El antiguo significado de TzÔÇÖiÔÇÖ es tepescuintle. En idioma kÔÇÖicheÔÇÖ es Lalo. Guardi├ín de la milpa de la abuela Ixmukane de donde IxkÔÇÖikÔÇÖ trajo la red llena de mazorcas, y que le ayud├│ a cumplir con su tarea de una manera m├ígica. En el Popol Wuj significa Jun Ajpu WuchÔÇÖ, cazador tacuac├¡n y Jun Ajpu Utiw, cazador coyote. Tambi├®n es guardi├ín de los cerros, las monta├▒as, las veredas y los barrancos. Es la fidelidad, la autoridad y la ley. Por tanto, es el guardi├ín de la ley natural y espiritual. Hace los papeles de secretario. Puede influir en excesivas conductas sexuales. Por eso, algunos Gu├¡as Espirituales le atribuyen como s├¡mbolo del pecado, especialmente de impureza sexual. El que nace en este d├¡a puede resultar muy sexual, sea hombre o mujer. La intensidad de esta conducta depender├í del numeral que acompa├▒a al TzÔÇÖiÔÇÖ como d├¡a de nacimiento.', 'Tepezcuintle', 'Ok', '<hr>\n  <p>\n    <strong>Características:</strong>\n    El antiguo significado de Tz’i’ es tepescuintle. En idioma k’iche’ es Lalo. Guardián de la milpa de la abuela Ixmukane de donde Ixk’ik’\n    trajo la red llena de mazorcas, y que le ayudó a cumplir con su tarea de una manera mágica. En el Popol Wuj significa Jun Ajpu Wuch’,\n    cazador tacuacín y Jun Ajpu Utiw, cazador coyote. También es guardián de los cerros, las montañas, las veredas y los barrancos.\n  </p>\n  <p>\n    Es la fidelidad, la autoridad y la ley. Por tanto, es el guardián de la ley natural y espiritual. Hace los papeles de secretario.\n  </p>\n  <p>\n    Puede influir en excesivas conductas sexuales. Por eso, algunos Guías Espirituales le atribuyen como símbolo del pecado, especialmente de impureza sexual.\n    El que nace en este día puede resultar muy sexual, sea hombre o mujer. La intensidad de esta conducta dependerá del numeral que acompaña al Tz’i’\n    como día de nacimiento.\n  </p>\n  <p>\n    <strong>Función Espiritual:</strong>\n  </p>\n  <ul>\n    <li> Invocar por el orden y la exactitud.</li>\n    <li> Puede interpretar lo conocido y lo desconocido.</li>\n    <li> Se invoca el día para que guíe y cuide el camino.</li>\n    <li> Día para contrarrestar calumnias y ofensas.</li>\n    <li> Día de protección ante la ley.</li>\n  </ul>\n  <p><strong>Su origen:</strong> Iq\' <strong>destino:</strong> Tijax</p>\n  <p>\n    <strong>Fortalezas:</strong>\n  </p>\n  <ul>\n    <li> Atento, valiente, respetado, justo.</li>\n    <li> Es defensor de otras personas.</li>\n    <li> Es cordial.</li>\n    <li> Logra lo que busca.</li>\n    <li> Buen investigador y presiente las cosas o actos.</li>\n    <li> Enamorado.</li>\n    <li> Es el día de los abogados</li>\n  </ul>\n  <p>\n    <strong>Debilidades:</strong>\n  </p>\n  <ul>\n    <li> Puede resultar vicioso e infiel.</li>\n    <li> Puede caer en la mentira.</li>\n    <li> Puede tener mucha tendencia sexual.</li>\n    <li> Puede resultar con temperamento fuerte.</li>\n  </ul>');

-- --------------------------------------------------------

--
-- Table structure for table `rol`
--

CREATE TABLE `rol` (
  `id` int(11) NOT NULL,
  `tipo` varchar(20) NOT NULL
) ENGINE=InnoDB DEFAULT CHARSET=utf8;

--
-- Dumping data for table `rol`
--

INSERT INTO `rol` (`id`, `tipo`) VALUES
(1, 'ADMIN'),
(2, 'GUEST');

-- --------------------------------------------------------

--
-- Table structure for table `rutaimagen`
--

CREATE TABLE `rutaimagen` (
  `id` int(11) NOT NULL,
  `categoria` varchar(30) DEFAULT NULL,
  `dirWeb` varchar(230) DEFAULT NULL,
  `dirEscritorio` varchar(230) DEFAULT NULL
) ENGINE=InnoDB DEFAULT CHARSET=utf8mb4 COLLATE=utf8mb4_0900_ai_ci;

--
-- Dumping data for table `rutaimagen`
--

INSERT INTO `rutaimagen` (`id`, `categoria`, `dirWeb`, `dirEscritorio`) VALUES
(1, 'Nahual', '../src/gui/nahuales/1 batz.png', './src/gui/nahuales/1 batz.jpg'),
(2, 'Nahual', '../src/gui/nahuales/2 e.png', './src/gui/nahuales/2 e.jpg'),
(3, 'Nahual', '../src/gui/nahuales/3 aj.png', './src/gui/nahuales/3 aj.jpg'),
(4, 'Nahual', '../src/gui/nahuales/4 ix.png', './src/gui/nahuales/4 ix.jpg'),
(5, 'Nahual', '../src/gui/nahuales/5 tzikin.png', './src/gui/nahuales/5 tzikin.jpg'),
(6, 'Nahual', '../src/gui/nahuales/6 ajmaq.png', './src/gui/nahuales/6 ajmaq.jpg'),
(7, 'Nahual', '../src/gui/nahuales/7 noj.png', './src/gui/nahuales/7 noj.jpg'),
(8, 'Nahual', '../src/gui/nahuales/8 tijax.png', './src/gui/nahuales/8 tijax.jpg'),
(9, 'Nahual', '../src/gui/nahuales/9 kawoq.png', './src/gui/nahuales/9 kawoq.jpg'),
(10, 'Nahual', '../src/gui/nahuales/10 ajpu.png', './src/gui/nahuales/10 ajpu.jpg'),
(11, 'Nahual', '../src/gui/nahuales/11 imox.png', './src/gui/nahuales/11 imox.jpg'),
(12, 'Nahual', '../src/gui/nahuales/12 iq.png', './src/gui/nahuales/12 iq.jpg'),
(13, 'Nahual', '../src/gui/nahuales/13 aqabal.png', './src/gui/nahuales/13 aqabal.jpg'),
(14, 'Nahual', '../src/gui/nahuales/14 kat.png', './src/gui/nahuales/14 kat.jpg'),
(15, 'Nahual', '../src/gui/nahuales/15 kan.png', './src/gui/nahuales/15 kan.jpg'),
(16, 'Nahual', '../src/gui/nahuales/16 kame.png', './src/gui/nahuales/16 kame.jpg'),
(17, 'Nahual', '../src/gui/nahuales/17 kej.png', './src/gui/nahuales/17 kej.jpg'),
(18, 'Nahual', '../src/gui/nahuales/18 qanil.png', './src/gui/nahuales/18 qanil.jpg'),
(19, 'Nahual', '../src/gui/nahuales/19 toj.png', './src/gui/nahuales/19 toj.jpg'),
(20, 'Nahual', '../src/gui/nahuales/20 tzi.png', './src/gui/nahuales/20 tzi.jpg'),
(21, 'Winal', '../src/gui/winales/1 pop.png', './src/gui/winales/1 pop.png'),
(22, 'Winal', '../src/gui/winales/2 woo.png', './src/gui/winales/2 woo.png'),
(23, 'Winal', '../src/gui/winales/3 zip.png', './src/gui/winales/3 zip.png'),
(24, 'Winal', '../src/gui/winales/4 sots.png', './src/gui/winales/4 sots.png'),
(25, 'Winal', '../src/gui/winales/5 tsek.png', './src/gui/winales/5 tsek.png'),
(26, 'Winal', '../src/gui/winales/6 xul.png', './src/gui/winales/6 xul.png'),
(27, 'Winal', '../src/gui/winales/7 yaxkin.png', './src/gui/winales/7 yaxkin.png'),
(28, 'Winal', '../src/gui/winales/8 mol.png', './src/gui/winales/8 mol.png'),
(29, 'Winal', '../src/gui/winales/9 chen.png', './src/gui/winales/9 chen.png'),
(30, 'Winal', '../src/gui/winales/10 yax.png', './src/gui/winales/10 yax.png'),
(31, 'Winal', '../src/gui/winales/11 sak.png', './src/gui/winales/11 sak.png'),
(32, 'Winal', '../src/gui/winales/12 keh.png', './src/gui/winales/12 keh.png'),
(33, 'Winal', '../src/gui/winales/13 mak.png', './src/gui/winales/13 mak.png'),
(34, 'Winal', '../src/gui/winales/14 kankin.png', './src/gui/winales/14 kankin.png'),
(35, 'Winal', '../src/gui/winales/15 muan.png', './src/gui/winales/15 muan.png'),
(36, 'Winal', '../src/gui/winales/16 pak.png', './src/gui/winales/16 pak.png'),
(37, 'Winal', '../src/gui/winales/17 kayab.png', './src/gui/winales/17 kayab.png'),
(38, 'Winal', '../src/gui/winales/18 kumku.png', './src/gui/winales/18 kumku.png'),
(39, 'Winal', '../src/gui/winales/19 uayeb.png', './src/gui/winales/19 uayeb.png');

-- --------------------------------------------------------

--
-- Table structure for table `usuario`
--

CREATE TABLE `usuario` (
  `username` varchar(40) NOT NULL,
  `password` varchar(100) NOT NULL,
  `email` varchar(100) NOT NULL,
  `nombre` varchar(50) NOT NULL,
  `apellido` varchar(50) NOT NULL,
  `nacimiento` date DEFAULT NULL,
  `telefono` varchar(15) DEFAULT NULL,
  `rol` int(11) NOT NULL
) ENGINE=InnoDB DEFAULT CHARSET=utf8;

--
-- Dumping data for table `usuario`
--

INSERT INTO `usuario` (`username`, `password`, `email`, `nombre`, `apellido`, `nacimiento`, `telefono`, `rol`) VALUES
('admin', 'admin', 'admin@gmail.com', 'admin', 'admin', '0001-01-01', '0', 1),
('admin2', 'admin2', 'admin2@gmail.com', 'admin2', 'admin2', '2020-01-01', '11', 2),
('admin3', '12345', 'admin3@gmail.com', 'admin3', 'admin3', '2021-02-01', '10101212', 2),
('guest', 'guest', 'guest@gmail.com', 'guest', 'guest1', '0001-11-04', '1', 2),
('guest2', '12345', 'guest2@gmail.com', 'guest2', 'guest2', '2021-02-01', '111', 2);

-- --------------------------------------------------------

--
-- Table structure for table `winal`
--

CREATE TABLE `winal` (
  `id` int(11) NOT NULL,
  `nombre` varchar(10) NOT NULL,
  `descripcion` varchar(45) NOT NULL,
  `dias` int(11) DEFAULT NULL,
  `idImagen` int(11) DEFAULT NULL
) ENGINE=InnoDB DEFAULT CHARSET=utf8;

--
-- Dumping data for table `winal`
--

INSERT INTO `winal` (`id`, `nombre`, `descripcion`, `dias`, `idImagen`) VALUES
(1, 'POP', 'SIN DESCRIPCION', 20, 21),
(2, 'WOO\'', 'SIN DESCRIPCION', 20, 22),
(3, 'ZIP', 'SIN DESCRIPCION', 20, 23),
(4, 'ZOTZ\'', 'SIN DESCIPCION', 20, 24),
(5, 'TZEK', 'SIN DESCIPCION', 20, 25),
(6, 'XUL', 'SIN DESCRIPCION', 20, 26),
(7, 'YAXK\'IN', 'SIN DESCRIPCION', 20, 27),
(8, 'MOL', 'SIN DESCRIPCION', 20, 28),
(9, 'CHEN', 'SIN DESCRIPCION', 20, 29),
(10, 'YAX', 'SIN DESCRIPCION', 20, 30),
(11, 'ZAC', 'SIN DESCRIPCION', 20, 31),
(12, 'CEJ', 'SIN DESCRIPCION', 20, 32),
(13, 'MAK', 'SIN DESCRICPION', 20, 33),
(14, 'KANKIJ', 'SIN DESCRIPCION', 20, 34),
(15, 'MUWAN', 'SIN DESCRIPCION', 20, 35),
(16, 'PAX', 'SIN DESCRIPCION', 20, 36),
(17, 'K\'AYAB\'', 'SIN DESCRIPCION', 20, 37),
(18, 'KUMKU', 'SIN DESCRIPCION', 20, 38),
(19, 'UAYEB\'', 'SIN DESCRIPCION', 5, 39);

--
-- Indexes for dumped tables
--

--
-- Indexes for table `calendariocholqij`
--
ALTER TABLE `calendariocholqij`
  ADD PRIMARY KEY (`id`),
  ADD KEY `FK_Id_Nagual` (`nahual`),
  ADD KEY `FK_Id_Energia` (`energia`);

--
-- Indexes for table `calendariohaab`
--
ALTER TABLE `calendariohaab`
  ADD PRIMARY KEY (`id`),
  ADD KEY `FK_Id_Nahual` (`nahual`),
  ADD KEY `FK_Id_Winal` (`winal`);

--
-- Indexes for table `caracteristica`
--
ALTER TABLE `caracteristica`
  ADD PRIMARY KEY (`id`),
  ADD KEY `FK_IDNAHUAL_CARACTERISTICA_ID_NAHUAL` (`idNahual`);

--
-- Indexes for table `cargador`
--
ALTER TABLE `cargador`
  ADD PRIMARY KEY (`nombre`);

--
-- Indexes for table `categoria`
--
ALTER TABLE `categoria`
  ADD PRIMARY KEY (`id`);

--
-- Indexes for table `categorizar`
--
ALTER TABLE `categorizar`
  ADD KEY `FK_IDCATEGORIA_CATEGORIZAR_CATEGORIA` (`idCategoria`),
  ADD KEY `FK_IDHECHO_CATEGORIZAR_HECHOHISTORICO` (`idHechoHistorico`);

--
-- Indexes for table `debilidad`
--
ALTER TABLE `debilidad`
  ADD PRIMARY KEY (`id`),
  ADD KEY `FK_IDNAHUAL_DEBILIDAD_ID_NAHUAL` (`idNahual`);

--
-- Indexes for table `edicion`
--
ALTER TABLE `edicion`
  ADD PRIMARY KEY (`id`),
  ADD KEY `FK_ID_TEMA` (`idHechoHistorico`),
  ADD KEY `FK_ID_USER_R` (`username`);

--
-- Indexes for table `energia`
--
ALTER TABLE `energia`
  ADD PRIMARY KEY (`id`),
  ADD KEY `FK_IDIMAGEN_ENERGIA_ID_IMAGEN` (`idImagen`);

--
-- Indexes for table `fortaleza`
--
ALTER TABLE `fortaleza`
  ADD PRIMARY KEY (`id`),
  ADD KEY `FK_IDNAHUAL_FORTALEZA_ID_NAHUAL` (`idNahual`);

--
-- Indexes for table `hechohistorico`
--
ALTER TABLE `hechohistorico`
  ADD PRIMARY KEY (`id`);

--
-- Indexes for table `informacion`
--
ALTER TABLE `informacion`
  ADD PRIMARY KEY (`id`);

--
-- Indexes for table `nahual`
--
ALTER TABLE `nahual`
  ADD PRIMARY KEY (`id`),
  ADD KEY `FK_IDIMAGEN_NAHUAL_ID_IMAGEN` (`idImagen`);

--
-- Indexes for table `rol`
--
ALTER TABLE `rol`
  ADD PRIMARY KEY (`id`);

--
-- Indexes for table `rutaimagen`
--
ALTER TABLE `rutaimagen`
  ADD PRIMARY KEY (`id`);

--
-- Indexes for table `usuario`
--
ALTER TABLE `usuario`
  ADD PRIMARY KEY (`username`),
  ADD KEY `FK_ROL_ROLES` (`rol`);

--
-- Indexes for table `winal`
--
ALTER TABLE `winal`
  ADD PRIMARY KEY (`id`),
  ADD KEY `FK_IDIMAGEN_WINAL_ID_IMAGEN` (`idImagen`);

--
-- AUTO_INCREMENT for dumped tables
--

--
-- AUTO_INCREMENT for table `calendariocholqij`
--
ALTER TABLE `calendariocholqij`
  MODIFY `id` int(11) NOT NULL AUTO_INCREMENT, AUTO_INCREMENT=261;

--
-- AUTO_INCREMENT for table `calendariohaab`
--
ALTER TABLE `calendariohaab`
  MODIFY `id` int(11) NOT NULL AUTO_INCREMENT, AUTO_INCREMENT=366;

--
-- AUTO_INCREMENT for table `caracteristica`
--
ALTER TABLE `caracteristica`
  MODIFY `id` int(11) NOT NULL AUTO_INCREMENT;

--
-- AUTO_INCREMENT for table `categoria`
--
ALTER TABLE `categoria`
  MODIFY `id` int(11) NOT NULL AUTO_INCREMENT, AUTO_INCREMENT=5;

--
-- AUTO_INCREMENT for table `debilidad`
--
ALTER TABLE `debilidad`
  MODIFY `id` int(11) NOT NULL AUTO_INCREMENT, AUTO_INCREMENT=132;

--
-- AUTO_INCREMENT for table `edicion`
--
ALTER TABLE `edicion`
  MODIFY `id` int(11) NOT NULL AUTO_INCREMENT, AUTO_INCREMENT=120;

--
-- AUTO_INCREMENT for table `energia`
--
ALTER TABLE `energia`
  MODIFY `id` int(11) NOT NULL AUTO_INCREMENT, AUTO_INCREMENT=14;

--
-- AUTO_INCREMENT for table `fortaleza`
--
ALTER TABLE `fortaleza`
  MODIFY `id` int(11) NOT NULL AUTO_INCREMENT, AUTO_INCREMENT=199;

--
-- AUTO_INCREMENT for table `hechohistorico`
--
ALTER TABLE `hechohistorico`
  MODIFY `id` int(11) NOT NULL AUTO_INCREMENT, AUTO_INCREMENT=30;

--
-- AUTO_INCREMENT for table `informacion`
--
ALTER TABLE `informacion`
  MODIFY `id` int(11) NOT NULL AUTO_INCREMENT, AUTO_INCREMENT=4;

--
-- AUTO_INCREMENT for table `nahual`
--
ALTER TABLE `nahual`
  MODIFY `id` int(11) NOT NULL AUTO_INCREMENT, AUTO_INCREMENT=41;

--
-- AUTO_INCREMENT for table `rol`
--
ALTER TABLE `rol`
  MODIFY `id` int(11) NOT NULL AUTO_INCREMENT, AUTO_INCREMENT=3;

--
-- AUTO_INCREMENT for table `rutaimagen`
--
ALTER TABLE `rutaimagen`
  MODIFY `id` int(11) NOT NULL AUTO_INCREMENT, AUTO_INCREMENT=40;

--
-- AUTO_INCREMENT for table `winal`
--
ALTER TABLE `winal`
  MODIFY `id` int(11) NOT NULL AUTO_INCREMENT, AUTO_INCREMENT=20;

--
-- Constraints for dumped tables
--

--
-- Constraints for table `calendariocholqij`
--
ALTER TABLE `calendariocholqij`
  ADD CONSTRAINT `FK_Id_Energia` FOREIGN KEY (`energia`) REFERENCES `energia` (`id`),
  ADD CONSTRAINT `FK_Id_Nagual` FOREIGN KEY (`nahual`) REFERENCES `nahual` (`id`);

--
-- Constraints for table `calendariohaab`
--
ALTER TABLE `calendariohaab`
  ADD CONSTRAINT `FK_Id_Nahual` FOREIGN KEY (`nahual`) REFERENCES `nahual` (`id`),
  ADD CONSTRAINT `FK_Id_Winal` FOREIGN KEY (`winal`) REFERENCES `winal` (`id`);

--
-- Constraints for table `caracteristica`
--
ALTER TABLE `caracteristica`
  ADD CONSTRAINT `FK_IDNAHUAL_CARACTERISTICA_ID_NAHUAL` FOREIGN KEY (`idNahual`) REFERENCES `nahual` (`id`);

--
-- Constraints for table `categorizar`
--
ALTER TABLE `categorizar`
  ADD CONSTRAINT `FK_IDCATEGORIA_CATEGORIZAR_CATEGORIA` FOREIGN KEY (`idCategoria`) REFERENCES `categoria` (`id`),
  ADD CONSTRAINT `FK_IDHECHO_CATEGORIZAR_HECHOHISTORICO` FOREIGN KEY (`idHechoHistorico`) REFERENCES `hechohistorico` (`id`) ON DELETE CASCADE;

--
-- Constraints for table `debilidad`
--
ALTER TABLE `debilidad`
  ADD CONSTRAINT `FK_IDNAHUAL_DEBILIDAD_ID_NAHUAL` FOREIGN KEY (`idNahual`) REFERENCES `nahual` (`id`);

--
-- Constraints for table `edicion`
--
ALTER TABLE `edicion`
  ADD CONSTRAINT `FK_ID_TEMA` FOREIGN KEY (`idHechoHistorico`) REFERENCES `hechohistorico` (`id`) ON DELETE CASCADE ON UPDATE RESTRICT,
  ADD CONSTRAINT `FK_ID_USER_R` FOREIGN KEY (`username`) REFERENCES `usuario` (`username`) ON UPDATE CASCADE;

--
-- Constraints for table `energia`
--
ALTER TABLE `energia`
  ADD CONSTRAINT `FK_IDIMAGEN_ENERGIA_ID_IMAGEN` FOREIGN KEY (`idImagen`) REFERENCES `rutaimagen` (`id`);

--
-- Constraints for table `fortaleza`
--
ALTER TABLE `fortaleza`
  ADD CONSTRAINT `FK_IDNAHUAL_FORTALEZA_ID_NAHUAL` FOREIGN KEY (`idNahual`) REFERENCES `nahual` (`id`);

--
-- Constraints for table `nahual`
--
ALTER TABLE `nahual`
  ADD CONSTRAINT `FK_IDIMAGEN_NAHUAL_ID_IMAGEN` FOREIGN KEY (`idImagen`) REFERENCES `rutaimagen` (`id`);

--
-- Constraints for table `usuario`
--
ALTER TABLE `usuario`
  ADD CONSTRAINT `FK_ROL_ROLES` FOREIGN KEY (`rol`) REFERENCES `rol` (`id`);

--
-- Constraints for table `winal`
--
ALTER TABLE `winal`
  ADD CONSTRAINT `FK_IDIMAGEN_WINAL_ID_IMAGEN` FOREIGN KEY (`idImagen`) REFERENCES `rutaimagen` (`id`);
COMMIT;

/*!40101 SET CHARACTER_SET_CLIENT=@OLD_CHARACTER_SET_CLIENT */;
/*!40101 SET CHARACTER_SET_RESULTS=@OLD_CHARACTER_SET_RESULTS */;
/*!40101 SET COLLATION_CONNECTION=@OLD_COLLATION_CONNECTION */;
